2026-04-10 10:50:45 INFO  Server.Server - [Server] Bound to TCP port 8084
2026-04-10 10:50:45 INFO  Server.Server - [Server] Thread pool ready (20 threads)
2026-04-10 10:50:45 INFO  Server.UDPServer - [UDPBroadcaster] Ready — source port: 61013
2026-04-10 10:50:45 INFO  Server.Server - [Server] All dependencies wired — ready to accept connections.
2026-04-10 10:50:45 INFO  Server.Server - [Server] Listening — waiting for client connections...

2026-04-10 10:50:52 INFO  Main - [Main] Loaded server host from config: localhost
2026-04-10 10:50:52 INFO  Main - [Main] Connected to server localhost:8084
2026-04-10 10:50:52 INFO  Server.Server - [Server] Client connected: 127.0.0.1:58235  | Active sessions: 0
2026-04-10 10:50:52 INFO  Main - [Main] UDP listener started on port 8085
2026-04-10 10:50:53 INFO  Main - [Main] Login screen loaded successfully
2026-04-10 10:50:59 INFO  Client.Controllers.LoginController - handleLogin called
2026-04-10 10:51:00 INFO  Server.DAO.ConnectionPool - [ConnectionPool] Initialized — 5 connections ready.
2026-04-10 10:51:00 WARN  Server.security.AuthSecurityManager - [AuthSecurity] Failed login attempt from IP: 127.0.0.1 (1/3 phase 0)
2026-04-10 10:51:04 INFO  Client.Controllers.LoginController - handleLogin called
2026-04-10 10:51:04 WARN  Server.security.AuthSecurityManager - [AuthSecurity] Failed login attempt from IP: 127.0.0.1 (2/3 phase 0)
2026-04-10 10:51:07 INFO  Client.Controllers.LoginController - handleLogin called
2026-04-10 10:51:07 WARN  Server.security.AuthSecurityManager - [AuthSecurity] Failed login attempt from IP: 127.0.0.1 (3/3 phase 0)
2026-04-10 10:51:07 WARN  Server.security.AuthSecurityManager - [AuthSecurity] IP BLOCKED for 10 minutes: 127.0.0.1
2026-04-10 10:51:12 INFO  Client.Controllers.LoginController - handleLogin called
2026-04-10 10:51:12 WARN  Server.handlers.AuthHandler - [AuthHandler] Blocked IP attempted login: 127.0.0.1 (Blocked for 9m 54s)
2026-04-10 10:51:19 INFO  Client.Controllers.LoginController - handleLogin called
2026-04-10 10:51:19 WARN  Server.handlers.AuthHandler - [AuthHandler] Blocked IP attempted login: 127.0.0.1 (Blocked for 9m 47s)
2026-04-10 10:51:22 INFO  Client.Controllers.LoginController - handleLogin called
2026-04-10 10:51:22 WARN  Server.handlers.AuthHandler - [AuthHandler] Blocked IP attempted login: 127.0.0.1 (Blocked for 9m 45s)
2026-04-10 10:51:22 INFO  Client.Controllers.LoginController - handleLogin called
2026-04-10 10:51:22 WARN  Server.handlers.AuthHandler - [AuthHandler] Blocked IP attempted login: 127.0.0.1 (Blocked for 9m 44s)
2026-04-10 10:51:22 INFO  Client.Controllers.LoginController - handleLogin called
2026-04-10 10:51:22 WARN  Server.handlers.AuthHandler - [AuthHandler] Blocked IP attempted login: 127.0.0.1 (Blocked for 9m 44s)
2026-04-10 10:51:23 INFO  Client.Controllers.LoginController - handleLogin called
2026-04-10 10:51:23 WARN  Server.handlers.AuthHandler - [AuthHandler] Blocked IP attempted login: 127.0.0.1 (Blocked for 9m 44s)
2026-04-10 10:51:23 INFO  Client.Controllers.LoginController - handleLogin called
2026-04-10 10:51:23 WARN  Server.handlers.AuthHandler - [AuthHandler] Blocked IP attempted login: 127.0.0.1 (Blocked for 9m 43s)
2026-04-10 10:51:28 INFO  Client.Controllers.LoginController - handleLogin called
2026-04-10 10:51:28 WARN  Server.handlers.AuthHandler - [AuthHandler] Blocked IP attempted login: 127.0.0.1 (Blocked for 9m 38s)
2026-04-10 10:51:36 INFO  Main - [Main] Application closing...
2026-04-10 10:51:36 INFO  Server.ClientHandler - [ClientHandler] Client disconnected cleanly: 127.0.0.1:58235
2026-04-10 10:51:36 INFO  Server.ClientHandler - [ClientHandler] Resources released for: 127.0.0.1:58235
2026-04-10 11:23:57 INFO  Server.Server - [Server] Bound to TCP port 8084
2026-04-10 11:23:57 INFO  Server.Server - [Server] Thread pool ready (20 threads)
2026-04-10 11:23:57 INFO  Server.UDPServer - [UDPBroadcaster] Ready — source port: 54558
2026-04-10 11:23:57 INFO  Server.Server - [Server] All dependencies wired — ready to accept connections.
2026-04-10 11:23:57 INFO  Server.Server - [Server] Listening — waiting for client connections...

2026-04-10 11:24:04 INFO  Main - [Main] Loaded server host from config: localhost
2026-04-10 11:24:04 INFO  Main - [Main] Connected to server localhost:8084
2026-04-10 11:24:04 INFO  Server.Server - [Server] Client connected: 127.0.0.1:65448  | Active sessions: 0
2026-04-10 11:24:04 INFO  Main - [Main] UDP listener started on port 8085
2026-04-10 11:24:04 INFO  Main - [Main] Login screen loaded successfully
2026-04-10 11:24:12 INFO  Client.Controllers.LoginController - handleLogin called
2026-04-10 11:24:13 INFO  Server.DAO.ConnectionPool - [ConnectionPool] Initialized — 5 connections ready.
2026-04-10 11:24:13 WARN  Server.security.AuthSecurityManager - [AuthSecurity] Failed login attempt from IP: 127.0.0.1 (1/3 phase 0)
2026-04-10 11:24:16 INFO  Client.Controllers.LoginController - handleLogin called
2026-04-10 11:24:16 WARN  Server.security.AuthSecurityManager - [AuthSecurity] Failed login attempt from IP: 127.0.0.1 (2/3 phase 0)
2026-04-10 11:24:19 INFO  Client.Controllers.LoginController - handleLogin called
2026-04-10 11:24:20 WARN  Server.security.AuthSecurityManager - [AuthSecurity] Failed login attempt from IP: 127.0.0.1 (3/3 phase 0)
2026-04-10 11:24:20 WARN  Server.security.AuthSecurityManager - [AuthSecurity] IP BLOCKED for 10 minutes: 127.0.0.1
2026-04-10 11:24:23 INFO  Client.Controllers.LoginController - handleLogin called
2026-04-10 11:24:23 WARN  Server.handlers.AuthHandler - [AuthHandler] Blocked IP attempted login: 127.0.0.1 (Blocked for 9m 56s)
2026-04-10 11:32:32 INFO  Client.Controllers.LoginController - handleLogin called
2026-04-10 11:32:32 WARN  Server.handlers.AuthHandler - [AuthHandler] Blocked IP attempted login: 127.0.0.1 (Blocked for 1m 47s)
2026-04-10 11:32:42 INFO  Main - [Main] Application closing...
2026-04-10 11:32:42 INFO  Server.ClientHandler - [ClientHandler] Client disconnected cleanly: 127.0.0.1:65448
2026-04-10 11:32:42 INFO  Server.ClientHandler - [ClientHandler] Resources released for: 127.0.0.1:65448
2026-04-10 11:34:09 INFO  Server.Server - [Server] Bound to TCP port 8084
2026-04-10 11:34:09 INFO  Server.Server - [Server] Thread pool ready (20 threads)
2026-04-10 11:34:09 INFO  Server.UDPServer - [UDPBroadcaster] Ready — source port: 64630
2026-04-10 11:34:09 INFO  Server.Server - [Server] All dependencies wired — ready to accept connections.
2026-04-10 11:34:09 INFO  Server.Server - [Server] Listening — waiting for client connections...

2026-04-10 11:34:28 INFO  Main - [Main] Loaded server host from config: localhost
2026-04-10 11:34:28 INFO  Main - [Main] Connected to server localhost:8084
2026-04-10 11:34:28 INFO  Server.Server - [Server] Client connected: 127.0.0.1:60837  | Active sessions: 0
2026-04-10 11:34:28 INFO  Main - [Main] UDP listener started on port 8085
2026-04-10 11:34:29 INFO  Main - [Main] Login screen loaded successfully
2026-04-10 11:35:35 INFO  Client.Controllers.LoginController - handleLogin called
2026-04-10 11:35:35 INFO  Server.DAO.ConnectionPool - [ConnectionPool] Initialized — 5 connections ready.
2026-04-10 11:35:36 WARN  Server.security.AuthSecurityManager - [AuthSecurity] Failed login attempt from IP: 127.0.0.1 (1/3 phase 0)
2026-04-10 11:35:38 INFO  Client.Controllers.LoginController - handleLogin called
2026-04-10 11:35:38 WARN  Server.security.AuthSecurityManager - [AuthSecurity] Failed login attempt from IP: 127.0.0.1 (2/3 phase 0)
2026-04-10 11:35:39 INFO  Client.Controllers.LoginController - handleLogin called
2026-04-10 11:35:39 WARN  Server.security.AuthSecurityManager - [AuthSecurity] Failed login attempt from IP: 127.0.0.1 (3/3 phase 0)
2026-04-10 11:35:39 WARN  Server.security.AuthSecurityManager - [AuthSecurity] IP BLOCKED for 10 minutes: 127.0.0.1
2026-04-10 11:35:41 INFO  Client.Controllers.LoginController - handleLogin called
2026-04-10 11:35:41 WARN  Server.handlers.AuthHandler - [AuthHandler] Blocked IP attempted login: 127.0.0.1 (Blocked for 9m 57s)
2026-04-10 11:35:53 INFO  Main - [Main] Application closing...
2026-04-10 11:35:53 INFO  Server.ClientHandler - [ClientHandler] Client disconnected cleanly: 127.0.0.1:60837
2026-04-10 11:35:53 INFO  Server.ClientHandler - [ClientHandler] Resources released for: 127.0.0.1:60837
2026-04-10 11:49:26 INFO  Server.Server - [Server] Bound to TCP port 8084
2026-04-10 11:49:26 INFO  Server.Server - [Server] Thread pool ready (20 threads)
2026-04-10 11:49:26 INFO  Server.UDPServer - [UDPBroadcaster] Ready — source port: 54431
2026-04-10 11:49:26 INFO  Server.Server - [Server] All dependencies wired — ready to accept connections.
2026-04-10 11:49:26 INFO  Server.Server - [Server] Listening — waiting for client connections...

2026-04-10 11:49:33 INFO  Main - [Main] Loaded server host from config: localhost
2026-04-10 11:49:33 INFO  Main - [Main] Connected to server localhost:8084
2026-04-10 11:49:33 INFO  Server.Server - [Server] Client connected: 127.0.0.1:64298  | Active sessions: 0
2026-04-10 11:49:33 INFO  Main - [Main] UDP listener started on port 8085
2026-04-10 11:49:34 INFO  Main - [Main] Login screen loaded successfully
2026-04-10 11:49:43 WARN  Server.ClientHandler - [ClientHandler] Dropped incomplete connection from 127.0.0.1:64298 (10s handshake timeout)
2026-04-10 11:49:43 INFO  Server.ClientHandler - [ClientHandler] Resources released for: 127.0.0.1:64298
2026-04-10 11:50:20 INFO  Client.Controllers.LoginController - handleLogin called
2026-04-10 11:50:47 INFO  Main - [Main] Application closing...
2026-04-10 11:50:55 INFO  Main - [Main] Loaded server host from config: localhost
2026-04-10 11:50:55 INFO  Server.Server - [Server] Client connected: 127.0.0.1:63565  | Active sessions: 0
2026-04-10 11:50:55 INFO  Main - [Main] Connected to server localhost:8084
2026-04-10 11:50:55 INFO  Main - [Main] UDP listener started on port 8085
2026-04-10 11:50:56 INFO  Main - [Main] Login screen loaded successfully
2026-04-10 11:51:01 INFO  Client.Controllers.LoginController - handleLogin called
2026-04-10 11:51:02 INFO  Server.DAO.ConnectionPool - [ConnectionPool] Initialized — 5 connections ready.
2026-04-10 11:51:02 WARN  Server.security.AuthSecurityManager - [AuthSecurity] Failed login attempt from IP: 127.0.0.1 (1/3 phase 0)
2026-04-10 11:51:05 INFO  Client.Controllers.LoginController - handleLogin called
2026-04-10 11:51:05 WARN  Server.security.AuthSecurityManager - [AuthSecurity] Failed login attempt from IP: 127.0.0.1 (2/3 phase 0)
2026-04-10 11:51:07 INFO  Client.Controllers.LoginController - handleLogin called
2026-04-10 11:51:07 WARN  Server.security.AuthSecurityManager - [AuthSecurity] Failed login attempt from IP: 127.0.0.1 (3/3 phase 0)
2026-04-10 11:51:07 WARN  Server.security.AuthSecurityManager - [AuthSecurity] IP BLOCKED for 10 minutes: 127.0.0.1
2026-04-10 11:51:09 INFO  Client.Controllers.LoginController - handleLogin called
2026-04-10 11:51:09 WARN  Server.handlers.AuthHandler - [AuthHandler] Blocked IP attempted login: 127.0.0.1 (Blocked for 9m 58s)
2026-04-10 11:51:12 INFO  Main - [Main] Application closing...
2026-04-10 11:51:12 INFO  Server.ClientHandler - [ClientHandler] Client disconnected cleanly: 127.0.0.1:63565
2026-04-10 11:51:12 INFO  Server.ClientHandler - [ClientHandler] Resources released for: 127.0.0.1:63565
2026-04-10 12:12:21 INFO  Server.Server - [Server] Bound to TCP port 8084
2026-04-10 12:12:21 INFO  Server.Server - [Server] Thread pool ready (20 threads)
2026-04-10 12:12:21 INFO  Server.UDPServer - [UDPBroadcaster] Ready — source port: 60812
2026-04-10 12:12:21 INFO  Server.Server - [Server] All dependencies wired — ready to accept connections.
2026-04-10 12:12:21 INFO  Server.Server - [Server] Listening — waiting for client connections...

2026-04-10 12:13:36 INFO  Main - [Main] Loaded server host from config: localhost
2026-04-10 12:13:36 INFO  Main - [Main] Connected to server localhost:8084
2026-04-10 12:13:36 INFO  Server.Server - [Server] Client connected: 127.0.0.1:50852  | Active sessions: 0
2026-04-10 12:13:36 INFO  Main - [Main] UDP listener started on port 8085
2026-04-10 12:13:37 INFO  Main - [Main] Login screen loaded successfully
2026-04-10 12:13:41 INFO  Client.Controllers.LoginController - handleLogin called
2026-04-10 12:13:42 INFO  Server.DAO.ConnectionPool - [ConnectionPool] Initialized — 5 connections ready.
2026-04-10 12:13:42 WARN  Server.security.AuthSecurityManager - [AuthSecurity] Failed login attempt from IP: 127.0.0.1 (1/3 phase 0)
2026-04-10 12:13:45 INFO  Client.Controllers.LoginController - handleLogin called
2026-04-10 12:13:45 WARN  Server.security.AuthSecurityManager - [AuthSecurity] Failed login attempt from IP: 127.0.0.1 (2/3 phase 0)
2026-04-10 12:14:00 ERROR Server.handlers.AuthHandler - Error in forgot password for xassil7@gmail.com
Server.DAO.UserDAO$DAOException: findByUsernameForAuth failed: Unknown column 'id' in 'field list'
	at Server.DAO.UserDAO.findByEmail(UserDAO.java:289) ~[classes/:?]
	at Server.service.UserService.getUserByEmail(UserService.java:127) ~[classes/:?]
	at Server.handlers.AuthHandler.handleForgotPassword(AuthHandler.java:204) ~[classes/:?]
	at Server.handlers.AuthHandler.handle(AuthHandler.java:58) ~[classes/:?]
	at Server.ClientHandler.dispatchCommand(ClientHandler.java:163) ~[classes/:?]
	at Server.ClientHandler.dispatch(ClientHandler.java:147) ~[classes/:?]
	at Server.ClientHandler.run(ClientHandler.java:85) ~[classes/:?]
	at java.base/java.util.concurrent.Executors$RunnableAdapter.call(Executors.java:572) ~[?:?]
	at java.base/java.util.concurrent.FutureTask.run(FutureTask.java:317) ~[?:?]
	at java.base/java.util.concurrent.ThreadPoolExecutor.runWorker(ThreadPoolExecutor.java:1144) ~[?:?]
	at java.base/java.util.concurrent.ThreadPoolExecutor$Worker.run(ThreadPoolExecutor.java:642) ~[?:?]
	at java.base/java.lang.Thread.run(Thread.java:1575) [?:?]
Caused by: java.sql.SQLSyntaxErrorException: Unknown column 'id' in 'field list'
	at com.mysql.cj.jdbc.exceptions.SQLError.createSQLException(SQLError.java:121) ~[mysql-connector-j-8.3.0.jar:8.3.0]
	at com.mysql.cj.jdbc.exceptions.SQLExceptionsMapping.translateException(SQLExceptionsMapping.java:122) ~[mysql-connector-j-8.3.0.jar:8.3.0]
	at com.mysql.cj.jdbc.ClientPreparedStatement.executeInternal(ClientPreparedStatement.java:912) ~[mysql-connector-j-8.3.0.jar:8.3.0]
	at com.mysql.cj.jdbc.ClientPreparedStatement.executeQuery(ClientPreparedStatement.java:968) ~[mysql-connector-j-8.3.0.jar:8.3.0]
	at Server.DAO.UserDAO.findByEmail(UserDAO.java:273) ~[classes/:?]
	... 11 more
2026-04-10 12:15:26 ERROR Server.handlers.AuthHandler - Error in forgot password for xassil7@gmail.com
Server.DAO.UserDAO$DAOException: findByUsernameForAuth failed: Unknown column 'id' in 'field list'
	at Server.DAO.UserDAO.findByEmail(UserDAO.java:289) ~[classes/:?]
	at Server.service.UserService.getUserByEmail(UserService.java:127) ~[classes/:?]
	at Server.handlers.AuthHandler.handleForgotPassword(AuthHandler.java:204) ~[classes/:?]
	at Server.handlers.AuthHandler.handle(AuthHandler.java:58) ~[classes/:?]
	at Server.ClientHandler.dispatchCommand(ClientHandler.java:163) ~[classes/:?]
	at Server.ClientHandler.dispatch(ClientHandler.java:147) ~[classes/:?]
	at Server.ClientHandler.run(ClientHandler.java:85) ~[classes/:?]
	at java.base/java.util.concurrent.Executors$RunnableAdapter.call(Executors.java:572) ~[?:?]
	at java.base/java.util.concurrent.FutureTask.run(FutureTask.java:317) ~[?:?]
	at java.base/java.util.concurrent.ThreadPoolExecutor.runWorker(ThreadPoolExecutor.java:1144) ~[?:?]
	at java.base/java.util.concurrent.ThreadPoolExecutor$Worker.run(ThreadPoolExecutor.java:642) ~[?:?]
	at java.base/java.lang.Thread.run(Thread.java:1575) [?:?]
Caused by: java.sql.SQLSyntaxErrorException: Unknown column 'id' in 'field list'
	at com.mysql.cj.jdbc.exceptions.SQLError.createSQLException(SQLError.java:121) ~[mysql-connector-j-8.3.0.jar:8.3.0]
	at com.mysql.cj.jdbc.exceptions.SQLExceptionsMapping.translateException(SQLExceptionsMapping.java:122) ~[mysql-connector-j-8.3.0.jar:8.3.0]
	at com.mysql.cj.jdbc.ClientPreparedStatement.executeInternal(ClientPreparedStatement.java:912) ~[mysql-connector-j-8.3.0.jar:8.3.0]
	at com.mysql.cj.jdbc.ClientPreparedStatement.executeQuery(ClientPreparedStatement.java:968) ~[mysql-connector-j-8.3.0.jar:8.3.0]
	at Server.DAO.UserDAO.findByEmail(UserDAO.java:273) ~[classes/:?]
	... 11 more
2026-04-10 12:26:07 INFO  Main - [Main] Application closing...
2026-04-10 12:26:07 INFO  Server.ClientHandler - [ClientHandler] Client disconnected cleanly: 127.0.0.1:50852
2026-04-10 12:26:07 INFO  Server.ClientHandler - [ClientHandler] Resources released for: 127.0.0.1:50852
2026-04-10 12:26:19 INFO  Server.Server - [Server] Bound to TCP port 8084
2026-04-10 12:26:19 INFO  Server.Server - [Server] Thread pool ready (20 threads)
2026-04-10 12:26:19 INFO  Server.UDPServer - [UDPBroadcaster] Ready — source port: 64832
2026-04-10 12:26:19 INFO  Server.Server - [Server] All dependencies wired — ready to accept connections.
2026-04-10 12:26:19 INFO  Server.Server - [Server] Listening — waiting for client connections...

2026-04-10 12:26:38 INFO  Main - [Main] Loaded server host from config: localhost
2026-04-10 12:26:38 INFO  Main - [Main] Connected to server localhost:8084
2026-04-10 12:26:38 INFO  Server.Server - [Server] Client connected: 127.0.0.1:52365  | Active sessions: 0
2026-04-10 12:26:38 INFO  Main - [Main] UDP listener started on port 8085
2026-04-10 12:26:39 INFO  Main - [Main] Login screen loaded successfully
2026-04-10 12:27:08 WARN  Server.ClientHandler - [ClientHandler] Dropped incomplete connection from 127.0.0.1:52365 (10s handshake timeout)
2026-04-10 12:27:08 INFO  Server.ClientHandler - [ClientHandler] Resources released for: 127.0.0.1:52365
2026-04-10 12:28:11 INFO  Main - [Main] Application closing...
2026-04-10 12:28:27 INFO  Main - [Main] Loaded server host from config: localhost
2026-04-10 12:28:27 INFO  Server.Server - [Server] Client connected: 127.0.0.1:49879  | Active sessions: 0
2026-04-10 12:28:27 INFO  Main - [Main] Connected to server localhost:8084
2026-04-10 12:28:27 INFO  Main - [Main] UDP listener started on port 8085
2026-04-10 12:28:28 INFO  Main - [Main] Login screen loaded successfully
2026-04-10 12:28:36 INFO  Server.DAO.ConnectionPool - [ConnectionPool] Initialized — 5 connections ready.
2026-04-10 12:28:36 ERROR Server.handlers.AuthHandler - Error in forgot password for xassil7@gmail.com
Server.DAO.UserDAO$DAOException: findByEmail failed: Unknown column 'id' in 'field list'
	at Server.DAO.UserDAO.findByEmail(UserDAO.java:278) ~[classes/:?]
	at Server.service.UserService.getUserByEmail(UserService.java:109) ~[classes/:?]
	at Server.handlers.AuthHandler.handleForgotPassword(AuthHandler.java:204) ~[classes/:?]
	at Server.handlers.AuthHandler.handle(AuthHandler.java:58) ~[classes/:?]
	at Server.ClientHandler.dispatchCommand(ClientHandler.java:163) ~[classes/:?]
	at Server.ClientHandler.dispatch(ClientHandler.java:147) ~[classes/:?]
	at Server.ClientHandler.run(ClientHandler.java:85) ~[classes/:?]
	at java.base/java.util.concurrent.Executors$RunnableAdapter.call(Executors.java:572) ~[?:?]
	at java.base/java.util.concurrent.FutureTask.run(FutureTask.java:317) ~[?:?]
	at java.base/java.util.concurrent.ThreadPoolExecutor.runWorker(ThreadPoolExecutor.java:1144) ~[?:?]
	at java.base/java.util.concurrent.ThreadPoolExecutor$Worker.run(ThreadPoolExecutor.java:642) ~[?:?]
	at java.base/java.lang.Thread.run(Thread.java:1575) [?:?]
Caused by: java.sql.SQLSyntaxErrorException: Unknown column 'id' in 'field list'
	at com.mysql.cj.jdbc.exceptions.SQLError.createSQLException(SQLError.java:121) ~[mysql-connector-j-8.3.0.jar:8.3.0]
	at com.mysql.cj.jdbc.exceptions.SQLExceptionsMapping.translateException(SQLExceptionsMapping.java:122) ~[mysql-connector-j-8.3.0.jar:8.3.0]
	at com.mysql.cj.jdbc.ClientPreparedStatement.executeInternal(ClientPreparedStatement.java:912) ~[mysql-connector-j-8.3.0.jar:8.3.0]
	at com.mysql.cj.jdbc.ClientPreparedStatement.executeQuery(ClientPreparedStatement.java:968) ~[mysql-connector-j-8.3.0.jar:8.3.0]
	at Server.DAO.UserDAO.findByEmail(UserDAO.java:272) ~[classes/:?]
	... 11 more
2026-04-10 12:29:39 INFO  Main - [Main] Application closing...
2026-04-10 12:29:39 INFO  Server.ClientHandler - [ClientHandler] Client disconnected cleanly: 127.0.0.1:49879
2026-04-10 12:29:39 INFO  Server.ClientHandler - [ClientHandler] Resources released for: 127.0.0.1:49879
2026-04-10 12:29:56 INFO  Server.Server - [Server] Bound to TCP port 8084
2026-04-10 12:29:56 INFO  Server.Server - [Server] Thread pool ready (20 threads)
2026-04-10 12:29:56 INFO  Server.UDPServer - [UDPBroadcaster] Ready — source port: 52369
2026-04-10 12:29:56 INFO  Server.Server - [Server] All dependencies wired — ready to accept connections.
2026-04-10 12:29:56 INFO  Server.Server - [Server] Listening — waiting for client connections...

2026-04-10 12:30:04 INFO  Main - [Main] Loaded server host from config: localhost
2026-04-10 12:30:04 INFO  Main - [Main] Connected to server localhost:8084
2026-04-10 12:30:04 INFO  Server.Server - [Server] Client connected: 127.0.0.1:52725  | Active sessions: 0
2026-04-10 12:30:04 INFO  Main - [Main] UDP listener started on port 8085
2026-04-10 12:30:05 INFO  Main - [Main] Login screen loaded successfully
2026-04-10 12:30:14 INFO  Server.DAO.ConnectionPool - [ConnectionPool] Initialized — 5 connections ready.
2026-04-10 12:30:15 INFO  Server.handlers.AuthHandler - [AuthHandler] Password reset OTP sent to xassil7@gmail.com
2026-04-10 12:30:59 ERROR Server.handlers.AuthHandler - Error resetting password for xassil7@gmail.com
Server.service.UserService$ValidationException: Password must be at least 6 characters
	at Server.service.UserService.validatePassword(UserService.java:259) ~[classes/:?]
	at Server.service.UserService.updatePassword(UserService.java:117) ~[classes/:?]
	at Server.handlers.AuthHandler.handleResetPassword(AuthHandler.java:243) ~[classes/:?]
	at Server.handlers.AuthHandler.handle(AuthHandler.java:60) ~[classes/:?]
	at Server.ClientHandler.dispatchCommand(ClientHandler.java:163) ~[classes/:?]
	at Server.ClientHandler.dispatch(ClientHandler.java:147) ~[classes/:?]
	at Server.ClientHandler.run(ClientHandler.java:85) ~[classes/:?]
	at java.base/java.util.concurrent.Executors$RunnableAdapter.call(Executors.java:572) ~[?:?]
	at java.base/java.util.concurrent.FutureTask.run(FutureTask.java:317) ~[?:?]
	at java.base/java.util.concurrent.ThreadPoolExecutor.runWorker(ThreadPoolExecutor.java:1144) ~[?:?]
	at java.base/java.util.concurrent.ThreadPoolExecutor$Worker.run(ThreadPoolExecutor.java:642) ~[?:?]
	at java.base/java.lang.Thread.run(Thread.java:1575) [?:?]
2026-04-10 12:35:13 INFO  Main - [Main] Application closing...
2026-04-10 12:35:13 INFO  Server.ClientHandler - [ClientHandler] Client disconnected cleanly: 127.0.0.1:52725
2026-04-10 12:35:13 INFO  Server.ClientHandler - [ClientHandler] Resources released for: 127.0.0.1:52725
2026-04-10 12:35:25 INFO  Server.Server - [Server] Bound to TCP port 8084
2026-04-10 12:35:25 INFO  Server.Server - [Server] Thread pool ready (20 threads)
2026-04-10 12:35:25 INFO  Server.UDPServer - [UDPBroadcaster] Ready — source port: 56240
2026-04-10 12:35:25 INFO  Server.Server - [Server] All dependencies wired — ready to accept connections.
2026-04-10 12:35:25 INFO  Server.Server - [Server] Listening — waiting for client connections...

2026-04-10 12:35:32 INFO  Main - [Main] Loaded server host from config: localhost
2026-04-10 12:35:32 INFO  Main - [Main] Connected to server localhost:8084
2026-04-10 12:35:32 INFO  Server.Server - [Server] Client connected: 127.0.0.1:60210  | Active sessions: 0
2026-04-10 12:35:32 INFO  Main - [Main] UDP listener started on port 8085
2026-04-10 12:35:33 INFO  Main - [Main] Login screen loaded successfully
2026-04-10 12:35:40 INFO  Server.DAO.ConnectionPool - [ConnectionPool] Initialized — 5 connections ready.
2026-04-10 12:35:41 INFO  Server.handlers.AuthHandler - [AuthHandler] Password reset OTP sent to xassil7@gmail.com
2026-04-10 12:36:05 ERROR Server.handlers.AuthHandler - Error resetting password for xassil7@gmail.com
Server.service.UserService$UserNotFoundException: User not found
	at Server.service.UserService.updatePassword(UserService.java:121) ~[classes/:?]
	at Server.handlers.AuthHandler.handleResetPassword(AuthHandler.java:243) ~[classes/:?]
	at Server.handlers.AuthHandler.handle(AuthHandler.java:60) ~[classes/:?]
	at Server.ClientHandler.dispatchCommand(ClientHandler.java:163) ~[classes/:?]
	at Server.ClientHandler.dispatch(ClientHandler.java:147) ~[classes/:?]
	at Server.ClientHandler.run(ClientHandler.java:85) ~[classes/:?]
	at java.base/java.util.concurrent.Executors$RunnableAdapter.call(Executors.java:572) ~[?:?]
	at java.base/java.util.concurrent.FutureTask.run(FutureTask.java:317) ~[?:?]
	at java.base/java.util.concurrent.ThreadPoolExecutor.runWorker(ThreadPoolExecutor.java:1144) ~[?:?]
	at java.base/java.util.concurrent.ThreadPoolExecutor$Worker.run(ThreadPoolExecutor.java:642) ~[?:?]
	at java.base/java.lang.Thread.run(Thread.java:1575) [?:?]
2026-04-10 12:38:01 INFO  Main - [Main] Application closing...
2026-04-10 12:38:01 INFO  Server.ClientHandler - [ClientHandler] Client disconnected cleanly: 127.0.0.1:60210
2026-04-10 12:38:01 INFO  Server.ClientHandler - [ClientHandler] Resources released for: 127.0.0.1:60210
2026-04-10 12:44:28 INFO  Server.Server - [Server] Bound to TCP port 8084
2026-04-10 12:44:28 INFO  Server.Server - [Server] Thread pool ready (20 threads)
2026-04-10 12:44:28 INFO  Server.UDPServer - [UDPBroadcaster] Ready — source port: 55036
2026-04-10 12:44:28 INFO  Server.Server - [Server] All dependencies wired — ready to accept connections.
2026-04-10 12:44:28 INFO  Server.Server - [Server] Listening — waiting for client connections...

2026-04-10 12:44:37 INFO  Main - [Main] Loaded server host from config: localhost
2026-04-10 12:44:37 INFO  Main - [Main] Connected to server localhost:8084
2026-04-10 12:44:37 INFO  Server.Server - [Server] Client connected: 127.0.0.1:59450  | Active sessions: 0
2026-04-10 12:44:37 INFO  Main - [Main] UDP listener started on port 8085
2026-04-10 12:44:38 INFO  Main - [Main] Login screen loaded successfully
2026-04-10 12:44:46 INFO  Server.DAO.ConnectionPool - [ConnectionPool] Initialized — 5 connections ready.
2026-04-10 12:44:46 INFO  Server.handlers.AuthHandler - [AuthHandler] Password reset OTP sent to xassil7@gmail.com
2026-04-10 12:45:46 INFO  Server.handlers.AuthHandler - [AuthHandler] Password reset OTP sent to xassil7@gmail.com
2026-04-10 12:46:24 INFO  Client.Controllers.LoginController - handleLogin called
2026-04-10 12:46:24 WARN  Server.security.AuthSecurityManager - [AuthSecurity] Failed login attempt from IP: 127.0.0.1 (1/3 phase 0)
2026-04-10 12:46:30 INFO  Client.Controllers.LoginController - handleLogin called
2026-04-10 12:46:30 INFO  Server.security.AuthSecurityManager - [AuthSecurity] Successful login from IP: 127.0.0.1 - Rate limits reset.
2026-04-10 12:46:30 INFO  Server.SessionManager - [SessionManager] Session added — SessionData{userId=4, username='assel', role='USER', ip='127.0.0.1', udpPort=8085, age=0s}  | Active sessions: 1
2026-04-10 12:46:30 INFO  Server.handlers.AuthHandler - [AuthHandler] LOGIN success — user: Assel | role: USER | clientIP: 127.0.0.1 | udpPort: 8085
2026-04-10 12:59:28 WARN  Server.SessionManager - [SessionManager] AFK Timeout: Removing idle session for user assel
2026-04-10 12:59:28 INFO  Server.SessionManager - [SessionManager] Session removed — assel (alive 777s)  | Active sessions: 0
2026-04-10 13:04:47 INFO  Main - [Main] Application closing...
2026-04-10 13:04:47 INFO  Server.ClientHandler - [ClientHandler] Client disconnected cleanly: 127.0.0.1:59450
2026-04-10 13:04:47 INFO  Server.ClientHandler - [ClientHandler] Resources released for: 127.0.0.1:59450
2026-04-23 22:47:43 INFO  Server.Server - [Server] Bound to TCP port 8084
2026-04-23 22:47:43 INFO  Server.Server - [Server] Thread pool ready (20 threads)
2026-04-23 22:47:43 INFO  Server.UDPServer - [UDPBroadcaster] Ready — source port: 51681
2026-04-23 22:47:43 INFO  Server.Server - [Server] All dependencies wired — ready to accept connections.
2026-04-23 22:47:43 INFO  Server.Server - [Server] Listening — waiting for client connections...

2026-04-23 22:48:18 INFO  Main - [Main] Loaded server host from config: localhost
2026-04-23 22:48:18 INFO  Main - [Main] Connected to server localhost:8084
2026-04-23 22:48:18 INFO  Server.Server - [Server] Client connected: 127.0.0.1:52723  | Active sessions: 0
2026-04-23 22:48:18 INFO  Main - [Main] UDP listener started on port 8085
2026-04-23 22:48:19 ERROR Main - [Main] Failed to load login screen: Error resolving onAction='#handleTogglePassword', either the event handler is not in the Namespace or there is an error in the script.
/C:/Users/ASSIL/IdeaProjects/ChriOnline/target/classes/UI/login.fxml:72

2026-04-23 22:48:19 ERROR Main - Exception occurred
javafx.fxml.LoadException: Error resolving onAction='#handleTogglePassword', either the event handler is not in the Namespace or there is an error in the script.
/C:/Users/ASSIL/IdeaProjects/ChriOnline/target/classes/UI/login.fxml:72

	at javafx.fxml/javafx.fxml.FXMLLoader.constructLoadException(FXMLLoader.java:2718) ~[javafx-fxml-21-win.jar:?]
	at javafx.fxml/javafx.fxml.FXMLLoader$Element.processEventHandlerAttributes(FXMLLoader.java:623) ~[javafx-fxml-21-win.jar:?]
	at javafx.fxml/javafx.fxml.FXMLLoader$ValueElement.processEndElement(FXMLLoader.java:783) ~[javafx-fxml-21-win.jar:?]
	at javafx.fxml/javafx.fxml.FXMLLoader.processEndElement(FXMLLoader.java:2969) ~[javafx-fxml-21-win.jar:?]
	at javafx.fxml/javafx.fxml.FXMLLoader.loadImpl(FXMLLoader.java:2654) ~[javafx-fxml-21-win.jar:?]
	at javafx.fxml/javafx.fxml.FXMLLoader.loadImpl(FXMLLoader.java:2563) ~[javafx-fxml-21-win.jar:?]
	at javafx.fxml/javafx.fxml.FXMLLoader.load(FXMLLoader.java:2531) ~[javafx-fxml-21-win.jar:?]
	at Main.start(Main.java:124) ~[classes/:?]
	at javafx.graphics/com.sun.javafx.application.LauncherImpl.lambda$launchApplication1$9(LauncherImpl.java:839) ~[javafx-graphics-21-win.jar:?]
	at javafx.graphics/com.sun.javafx.application.PlatformImpl.lambda$runAndWait$12(PlatformImpl.java:483) ~[javafx-graphics-21-win.jar:?]
	at javafx.graphics/com.sun.javafx.application.PlatformImpl.lambda$runLater$10(PlatformImpl.java:456) ~[javafx-graphics-21-win.jar:?]
	at java.base/java.security.AccessController.doPrivileged(AccessController.java:400) ~[?:?]
	at javafx.graphics/com.sun.javafx.application.PlatformImpl.lambda$runLater$11(PlatformImpl.java:455) ~[javafx-graphics-21-win.jar:?]
	at javafx.graphics/com.sun.glass.ui.InvokeLaterDispatcher$Future.run(InvokeLaterDispatcher.java:95) ~[javafx-graphics-21-win.jar:?]
	at javafx.graphics/com.sun.glass.ui.win.WinApplication._runLoop(Native Method) ~[javafx-graphics-21-win.jar:?]
	at javafx.graphics/com.sun.glass.ui.win.WinApplication.lambda$runLoop$3(WinApplication.java:185) ~[javafx-graphics-21-win.jar:?]
	at java.base/java.lang.Thread.run(Thread.java:1575) [?:?]
2026-04-23 22:48:31 INFO  Server.ClientHandler - [ClientHandler] Client disconnected cleanly: 127.0.0.1:52723
2026-04-23 22:48:31 INFO  Server.ClientHandler - [ClientHandler] Resources released for: 127.0.0.1:52723
2026-04-23 22:53:23 INFO  Server.Server - [Server] Bound to TCP port 8084
2026-04-23 22:53:23 INFO  Server.Server - [Server] Thread pool ready (20 threads)
2026-04-23 22:53:23 INFO  Server.UDPServer - [UDPBroadcaster] Ready — source port: 51426
2026-04-23 22:53:23 INFO  Server.Server - [Server] All dependencies wired — ready to accept connections.
2026-04-23 22:53:23 INFO  Server.Server - [Server] Listening — waiting for client connections...

2026-04-23 22:53:36 INFO  Main - [Main] Loaded server host from config: localhost
2026-04-23 22:53:36 INFO  Main - [Main] Connected to server localhost:8084
2026-04-23 22:53:36 INFO  Server.Server - [Server] Client connected: 127.0.0.1:64391  | Active sessions: 0
2026-04-23 22:53:36 INFO  Main - [Main] UDP listener started on port 8085
2026-04-23 22:53:37 INFO  Main - [Main] Login screen loaded successfully
2026-04-23 22:54:06 WARN  Server.ClientHandler - [ClientHandler] Dropped incomplete connection from 127.0.0.1:64391 (10s handshake timeout)
2026-04-23 22:54:06 INFO  Server.ClientHandler - [ClientHandler] Resources released for: 127.0.0.1:64391
2026-04-23 23:45:48 INFO  Main - [Main] Application closing...
2026-04-24 09:56:44 INFO  Server.Server - [Server] Bound to TCP port 8084
2026-04-24 09:56:44 INFO  Server.Server - [Server] Thread pool ready (20 threads)
2026-04-24 09:56:44 INFO  Server.UDPServer - [UDPBroadcaster] Ready — source port: 52911
2026-04-24 09:56:44 INFO  Server.Server - [Server] All dependencies wired — ready to accept connections.
2026-04-24 09:56:44 INFO  Server.Server - [Server] Listening — waiting for client connections...

2026-04-24 09:57:08 INFO  Main - [Main] Loaded server host from config: localhost
2026-04-24 09:57:08 INFO  Main - [Main] Connected to server localhost:8084
2026-04-24 09:57:08 INFO  Server.Server - [Server] Client connected: 127.0.0.1:64462  | Active sessions: 0
2026-04-24 09:57:08 INFO  Main - [Main] UDP listener started on port 8085
2026-04-24 09:57:08 ERROR Main - [Main] Failed to load login screen: Error resolving onAction='#handleForgotPassword', either the event handler is not in the Namespace or there is an error in the script.
/C:/Users/ASSIL/IdeaProjects/ChriOnline/target/classes/UI/login.fxml:73

2026-04-24 09:57:08 ERROR Main - Exception occurred
javafx.fxml.LoadException: Error resolving onAction='#handleForgotPassword', either the event handler is not in the Namespace or there is an error in the script.
/C:/Users/ASSIL/IdeaProjects/ChriOnline/target/classes/UI/login.fxml:73

	at javafx.fxml/javafx.fxml.FXMLLoader.constructLoadException(FXMLLoader.java:2718) ~[javafx-fxml-21-win.jar:?]
	at javafx.fxml/javafx.fxml.FXMLLoader$Element.processEventHandlerAttributes(FXMLLoader.java:623) ~[javafx-fxml-21-win.jar:?]
	at javafx.fxml/javafx.fxml.FXMLLoader$ValueElement.processEndElement(FXMLLoader.java:783) ~[javafx-fxml-21-win.jar:?]
	at javafx.fxml/javafx.fxml.FXMLLoader.processEndElement(FXMLLoader.java:2969) ~[javafx-fxml-21-win.jar:?]
	at javafx.fxml/javafx.fxml.FXMLLoader.loadImpl(FXMLLoader.java:2654) ~[javafx-fxml-21-win.jar:?]
	at javafx.fxml/javafx.fxml.FXMLLoader.loadImpl(FXMLLoader.java:2563) ~[javafx-fxml-21-win.jar:?]
	at javafx.fxml/javafx.fxml.FXMLLoader.load(FXMLLoader.java:2531) ~[javafx-fxml-21-win.jar:?]
	at Main.start(Main.java:124) ~[classes/:?]
	at javafx.graphics/com.sun.javafx.application.LauncherImpl.lambda$launchApplication1$9(LauncherImpl.java:839) ~[javafx-graphics-21-win.jar:?]
	at javafx.graphics/com.sun.javafx.application.PlatformImpl.lambda$runAndWait$12(PlatformImpl.java:483) ~[javafx-graphics-21-win.jar:?]
	at javafx.graphics/com.sun.javafx.application.PlatformImpl.lambda$runLater$10(PlatformImpl.java:456) ~[javafx-graphics-21-win.jar:?]
	at java.base/java.security.AccessController.doPrivileged(AccessController.java:400) ~[?:?]
	at javafx.graphics/com.sun.javafx.application.PlatformImpl.lambda$runLater$11(PlatformImpl.java:455) ~[javafx-graphics-21-win.jar:?]
	at javafx.graphics/com.sun.glass.ui.InvokeLaterDispatcher$Future.run(InvokeLaterDispatcher.java:95) ~[javafx-graphics-21-win.jar:?]
	at javafx.graphics/com.sun.glass.ui.win.WinApplication._runLoop(Native Method) ~[javafx-graphics-21-win.jar:?]
	at javafx.graphics/com.sun.glass.ui.win.WinApplication.lambda$runLoop$3(WinApplication.java:185) ~[javafx-graphics-21-win.jar:?]
	at java.base/java.lang.Thread.run(Thread.java:1575) [?:?]
2026-04-24 09:57:19 INFO  Server.ClientHandler - [ClientHandler] Client disconnected cleanly: 127.0.0.1:64462
2026-04-24 09:57:19 INFO  Server.ClientHandler - [ClientHandler] Resources released for: 127.0.0.1:64462
2026-04-24 09:57:30 INFO  Main - [Main] Loaded server host from config: localhost
2026-04-24 09:57:30 INFO  Server.Server - [Server] Client connected: 127.0.0.1:64465  | Active sessions: 0
2026-04-24 09:57:30 INFO  Main - [Main] Connected to server localhost:8084
2026-04-24 09:57:30 INFO  Main - [Main] UDP listener started on port 8085
2026-04-24 09:57:30 ERROR Main - [Main] Failed to load login screen: Error resolving onAction='#handleForgotPassword', either the event handler is not in the Namespace or there is an error in the script.
/C:/Users/ASSIL/IdeaProjects/ChriOnline/target/classes/UI/login.fxml:73

2026-04-24 09:57:30 ERROR Main - Exception occurred
javafx.fxml.LoadException: Error resolving onAction='#handleForgotPassword', either the event handler is not in the Namespace or there is an error in the script.
/C:/Users/ASSIL/IdeaProjects/ChriOnline/target/classes/UI/login.fxml:73

	at javafx.fxml/javafx.fxml.FXMLLoader.constructLoadException(FXMLLoader.java:2718) ~[javafx-fxml-21-win.jar:?]
	at javafx.fxml/javafx.fxml.FXMLLoader$Element.processEventHandlerAttributes(FXMLLoader.java:623) ~[javafx-fxml-21-win.jar:?]
	at javafx.fxml/javafx.fxml.FXMLLoader$ValueElement.processEndElement(FXMLLoader.java:783) ~[javafx-fxml-21-win.jar:?]
	at javafx.fxml/javafx.fxml.FXMLLoader.processEndElement(FXMLLoader.java:2969) ~[javafx-fxml-21-win.jar:?]
	at javafx.fxml/javafx.fxml.FXMLLoader.loadImpl(FXMLLoader.java:2654) ~[javafx-fxml-21-win.jar:?]
	at javafx.fxml/javafx.fxml.FXMLLoader.loadImpl(FXMLLoader.java:2563) ~[javafx-fxml-21-win.jar:?]
	at javafx.fxml/javafx.fxml.FXMLLoader.load(FXMLLoader.java:2531) ~[javafx-fxml-21-win.jar:?]
	at Main.start(Main.java:124) ~[classes/:?]
	at javafx.graphics/com.sun.javafx.application.LauncherImpl.lambda$launchApplication1$9(LauncherImpl.java:839) ~[javafx-graphics-21-win.jar:?]
	at javafx.graphics/com.sun.javafx.application.PlatformImpl.lambda$runAndWait$12(PlatformImpl.java:483) ~[javafx-graphics-21-win.jar:?]
	at javafx.graphics/com.sun.javafx.application.PlatformImpl.lambda$runLater$10(PlatformImpl.java:456) ~[javafx-graphics-21-win.jar:?]
	at java.base/java.security.AccessController.doPrivileged(AccessController.java:400) ~[?:?]
	at javafx.graphics/com.sun.javafx.application.PlatformImpl.lambda$runLater$11(PlatformImpl.java:455) ~[javafx-graphics-21-win.jar:?]
	at javafx.graphics/com.sun.glass.ui.InvokeLaterDispatcher$Future.run(InvokeLaterDispatcher.java:95) ~[javafx-graphics-21-win.jar:?]
	at javafx.graphics/com.sun.glass.ui.win.WinApplication._runLoop(Native Method) ~[javafx-graphics-21-win.jar:?]
	at javafx.graphics/com.sun.glass.ui.win.WinApplication.lambda$runLoop$3(WinApplication.java:185) ~[javafx-graphics-21-win.jar:?]
	at java.base/java.lang.Thread.run(Thread.java:1575) [?:?]
2026-04-24 09:57:44 INFO  Server.ClientHandler - [ClientHandler] Client disconnected cleanly: 127.0.0.1:64465
2026-04-24 09:57:44 INFO  Server.ClientHandler - [ClientHandler] Resources released for: 127.0.0.1:64465
2026-04-24 10:10:29 INFO  Server.Server - [Server] Bound to TCP port 8084
2026-04-24 10:10:29 INFO  Server.Server - [Server] Thread pool ready (20 threads)
2026-04-24 10:10:29 INFO  Server.UDPServer - [UDPBroadcaster] Ready — source port: 61665
2026-04-24 10:10:29 INFO  Server.Server - [Server] All dependencies wired — ready to accept connections.
2026-04-24 10:10:29 INFO  Server.Server - [Server] Listening — waiting for client connections...

2026-04-24 10:11:33 INFO  Main - [Main] Loaded server host from config: localhost
2026-04-24 10:11:33 INFO  Main - [Main] Connected to server localhost:8084
2026-04-24 10:11:33 INFO  Server.Server - [Server] Client connected: 127.0.0.1:49224  | Active sessions: 0
2026-04-24 10:11:33 INFO  Main - [Main] UDP listener started on port 8085
2026-04-24 10:11:34 INFO  Main - [Main] Login screen loaded successfully
2026-04-24 10:11:43 INFO  Server.DAO.ConnectionPool - [ConnectionPool] Initialized — 5 connections ready.
2026-04-24 10:11:43 INFO  Server.SessionManager - [SessionManager] Session added — SessionData{userId=1, username='admin', role='ADMIN', ip='127.0.0.1', udpPort=8085, age=0s}  | Active sessions: 1
2026-04-24 10:11:47 INFO  Server.handlers.AuthHandler - [AuthHandler] LOGOUT — token removed: null
2026-04-24 10:12:09 INFO  Server.SessionManager - [SessionManager] Session added — SessionData{userId=1, username='admin', role='ADMIN', ip='127.0.0.1', udpPort=8085, age=0s}  | Active sessions: 2
2026-04-24 10:14:44 INFO  Server.handlers.AuthHandler - [AuthHandler] LOGOUT — token removed: null
2026-04-24 10:22:29 WARN  Server.SessionManager - [SessionManager] AFK Timeout: Removing idle session for user admin
2026-04-24 10:22:29 INFO  Server.SessionManager - [SessionManager] Session removed — admin (alive 645s)  | Active sessions: 1
2026-04-24 10:56:05 WARN  Server.SessionManager - [SessionManager] AFK Timeout: Removing idle session for user admin
2026-04-24 10:56:05 INFO  Server.SessionManager - [SessionManager] Session removed — admin (alive 2636s)  | Active sessions: 0
2026-04-24 10:59:20 INFO  Main - [Main] Application closing...
2026-04-24 10:59:20 INFO  Server.ClientHandler - [ClientHandler] Client disconnected cleanly: 127.0.0.1:49224
2026-04-24 10:59:20 INFO  Server.ClientHandler - [ClientHandler] Resources released for: 127.0.0.1:49224
2026-04-24 11:15:06 INFO  Server.Server - [Server] Bound to TCP port 8084
2026-04-24 11:15:06 INFO  Server.Server - [Server] Thread pool ready (20 threads)
2026-04-24 11:15:06 INFO  Server.UDPServer - [UDPBroadcaster] Ready — source port: 55084
2026-04-24 11:15:06 INFO  Server.Server - [Server] All dependencies wired — ready to accept connections.
2026-04-24 11:15:06 INFO  Server.Server - [Server] Listening — waiting for client connections...

2026-04-24 11:15:28 INFO  Main - [Main] Loaded server host from config: localhost
2026-04-24 11:15:29 INFO  Main - [Main] Connected to server localhost:8084
2026-04-24 11:15:29 INFO  Server.Server - [Server] Client connected: 127.0.0.1:55401  | Active sessions: 0
2026-04-24 11:15:29 INFO  Main - [Main] UDP listener started on port 8085
2026-04-24 11:15:29 INFO  Main - [Main] Login screen loaded successfully
2026-04-24 11:15:59 WARN  Server.ClientHandler - [ClientHandler] Dropped incomplete connection from 127.0.0.1:55401 (10s handshake timeout)
2026-04-24 11:15:59 INFO  Server.ClientHandler - [ClientHandler] Resources released for: 127.0.0.1:55401
2026-04-24 11:16:18 INFO  Main - [Main] Application closing...
2026-04-24 11:16:25 INFO  Main - [Main] Loaded server host from config: localhost
2026-04-24 11:16:25 INFO  Server.Server - [Server] Client connected: 127.0.0.1:55416  | Active sessions: 0
2026-04-24 11:16:25 INFO  Main - [Main] Connected to server localhost:8084
2026-04-24 11:16:25 INFO  Main - [Main] UDP listener started on port 8085
2026-04-24 11:16:26 INFO  Main - [Main] Login screen loaded successfully
2026-04-24 11:16:29 INFO  Server.DAO.ConnectionPool - [ConnectionPool] Initialized — 5 connections ready.
2026-04-24 11:16:30 INFO  Server.SessionManager - [SessionManager] Session added — SessionData{userId=1, username='admin', role='ADMIN', ip='127.0.0.1', udpPort=8085, age=0s}  | Active sessions: 1
2026-04-24 11:16:39 INFO  Server.handlers.AuthHandler - [AuthHandler] LOGOUT — token removed: null
2026-04-24 11:16:48 INFO  Client.Controllers.LoginController - handleLogin called
2026-04-24 11:16:48 INFO  Server.SessionManager - [SessionManager] Session added — SessionData{userId=4, username='assel', role='USER', ip='127.0.0.1', udpPort=8085, age=0s}  | Active sessions: 2
2026-04-24 11:16:48 INFO  Server.handlers.AuthHandler - [AuthHandler] LOGIN success — user: assel | role: USER | clientIP: 127.0.0.1 | udpPort: 8085
2026-04-24 11:19:23 INFO  Client.Controllers.LoginController - handleLogin called
2026-04-24 11:19:24 INFO  Server.SessionManager - [SessionManager] Session added — SessionData{userId=4, username='assel', role='USER', ip='127.0.0.1', udpPort=8085, age=0s}  | Active sessions: 3
2026-04-24 11:19:24 INFO  Server.handlers.AuthHandler - [AuthHandler] LOGIN success — user: assel | role: USER | clientIP: 127.0.0.1 | udpPort: 8085
2026-04-24 11:20:12 INFO  Server.handlers.AuthHandler - [AuthHandler] LOGOUT — token removed: null
2026-04-24 11:21:07 INFO  Main - [Main] Application closing...
2026-04-24 11:21:07 INFO  Server.ClientHandler - [ClientHandler] Client disconnected cleanly: 127.0.0.1:55416
2026-04-24 11:21:07 INFO  Server.ClientHandler - [ClientHandler] Resources released for: 127.0.0.1:55416
2026-04-24 11:27:06 WARN  Server.SessionManager - [SessionManager] AFK Timeout: Removing idle session for user admin
2026-04-24 11:27:06 INFO  Server.SessionManager - [SessionManager] Session removed — admin (alive 636s)  | Active sessions: 2
2026-04-24 11:30:06 WARN  Server.SessionManager - [SessionManager] AFK Timeout: Removing idle session for user assel
2026-04-24 11:30:06 INFO  Server.SessionManager - [SessionManager] Session removed — assel (alive 798s)  | Active sessions: 1
2026-04-24 11:31:05 INFO  Server.Server - [Server] Bound to TCP port 8084
2026-04-24 11:31:05 INFO  Server.Server - [Server] Thread pool ready (20 threads)
2026-04-24 11:31:05 INFO  Server.UDPServer - [UDPBroadcaster] Ready — source port: 63018
2026-04-24 11:31:05 INFO  Server.Server - [Server] All dependencies wired — ready to accept connections.
2026-04-24 11:31:05 INFO  Server.Server - [Server] Listening — waiting for client connections...

2026-04-24 11:31:19 INFO  Main - [Main] Loaded server host from config: localhost
2026-04-24 11:31:19 INFO  Main - [Main] Connected to server localhost:8084
2026-04-24 11:31:19 INFO  Server.Server - [Server] Client connected: 127.0.0.1:49694  | Active sessions: 0
2026-04-24 11:31:19 INFO  Main - [Main] UDP listener started on port 8085
2026-04-24 11:31:20 INFO  Main - [Main] Login screen loaded successfully
2026-04-24 11:31:26 INFO  Server.DAO.ConnectionPool - [ConnectionPool] Initialized — 5 connections ready.
2026-04-24 11:31:26 INFO  Server.SessionManager - [SessionManager] Session added — SessionData{userId=1, username='admin', role='ADMIN', ip='127.0.0.1', udpPort=8085, age=0s}  | Active sessions: 1
2026-04-24 11:31:33 INFO  Server.handlers.AuthHandler - [AuthHandler] LOGOUT — token removed: null
2026-04-24 11:31:39 INFO  Client.Controllers.LoginController - handleLogin called
2026-04-24 11:31:39 INFO  Server.SessionManager - [SessionManager] Session added — SessionData{userId=4, username='assel', role='USER', ip='127.0.0.1', udpPort=8085, age=0s}  | Active sessions: 2
2026-04-24 11:31:39 INFO  Server.handlers.AuthHandler - [AuthHandler] LOGIN success — user: assel | role: USER | clientIP: 127.0.0.1 | udpPort: 8085
2026-04-24 11:31:59 INFO  Main - [Main] Application closing...
2026-04-24 11:31:59 INFO  Server.ClientHandler - [ClientHandler] Client disconnected cleanly: 127.0.0.1:49694
2026-04-24 11:31:59 INFO  Server.SessionManager - [SessionManager] Session removed — assel (alive 20s)  | Active sessions: 1
2026-04-24 11:31:59 INFO  Server.ClientHandler - [ClientHandler] Resources released for: 127.0.0.1:49694
2026-04-24 11:33:14 INFO  Server.Server - [Server] Bound to TCP port 8084
2026-04-24 11:33:14 INFO  Server.Server - [Server] Thread pool ready (20 threads)
2026-04-24 11:33:14 INFO  Server.UDPServer - [UDPBroadcaster] Ready — source port: 56293
2026-04-24 11:33:14 INFO  Server.Server - [Server] All dependencies wired — ready to accept connections.
2026-04-24 11:33:14 INFO  Server.Server - [Server] Listening — waiting for client connections...

2026-04-24 11:33:20 INFO  Server.Server - [Server] Bound to TCP port 8084
2026-04-24 11:33:20 INFO  Server.Server - [Server] Thread pool ready (20 threads)
2026-04-24 11:33:20 INFO  Server.UDPServer - [UDPBroadcaster] Ready — source port: 56294
2026-04-24 11:33:20 INFO  Server.Server - [Server] All dependencies wired — ready to accept connections.
2026-04-24 11:33:20 INFO  Server.Server - [Server] Listening — waiting for client connections...

2026-04-24 11:33:29 INFO  Main - [Main] Loaded server host from config: localhost
2026-04-24 11:33:29 INFO  Main - [Main] Connected to server localhost:8084
2026-04-24 11:33:29 INFO  Server.Server - [Server] Client connected: 127.0.0.1:49727  | Active sessions: 0
2026-04-24 11:33:29 INFO  Main - [Main] UDP listener started on port 8085
2026-04-24 11:33:30 INFO  Main - [Main] Login screen loaded successfully
2026-04-24 11:33:59 WARN  Server.ClientHandler - [ClientHandler] Dropped incomplete connection from 127.0.0.1:49727 (10s handshake timeout)
2026-04-24 11:33:59 INFO  Server.ClientHandler - [ClientHandler] Resources released for: 127.0.0.1:49727
2026-04-24 11:37:53 INFO  Client.Controllers.LoginController - handleLogin called
2026-04-24 11:37:56 INFO  Main - [Main] Application closing...
2026-04-24 11:38:05 INFO  Main - [Main] Loaded server host from config: localhost
2026-04-24 11:38:05 INFO  Server.Server - [Server] Client connected: 127.0.0.1:51264  | Active sessions: 0
2026-04-24 11:38:05 INFO  Main - [Main] Connected to server localhost:8084
2026-04-24 11:38:05 INFO  Main - [Main] UDP listener started on port 8085
2026-04-24 11:38:06 INFO  Main - [Main] Login screen loaded successfully
2026-04-24 11:38:11 INFO  Client.Controllers.LoginController - handleLogin called
2026-04-24 11:38:11 INFO  Server.DAO.ConnectionPool - [ConnectionPool] Initialized — 5 connections ready.
2026-04-24 11:38:12 INFO  Server.SessionManager - [SessionManager] Session added — SessionData{userId=4, username='assel', role='USER', ip='127.0.0.1', udpPort=8085, age=0s}  | Active sessions: 1
2026-04-24 11:38:12 INFO  Server.handlers.AuthHandler - [AuthHandler] LOGIN success — user: assel | role: USER | clientIP: 127.0.0.1 | udpPort: 8085
2026-04-24 11:38:25 INFO  Server.handlers.AuthHandler - [AuthHandler] LOGOUT — token removed: null
2026-04-24 11:38:45 INFO  Client.Controllers.LoginController - handleLogin called
2026-04-24 11:38:46 INFO  Server.SessionManager - [SessionManager] Session added — SessionData{userId=4, username='assel', role='USER', ip='127.0.0.1', udpPort=8085, age=0s}  | Active sessions: 2
2026-04-24 11:38:46 INFO  Server.handlers.AuthHandler - [AuthHandler] LOGIN success — user: assel | role: USER | clientIP: 127.0.0.1 | udpPort: 8085
2026-04-24 11:49:20 WARN  Server.SessionManager - [SessionManager] AFK Timeout: Removing idle session for user assel
2026-04-24 11:49:20 INFO  Server.SessionManager - [SessionManager] Session removed — assel (alive 668s)  | Active sessions: 1
2026-04-24 11:52:20 WARN  Server.SessionManager - [SessionManager] AFK Timeout: Removing idle session for user assel
2026-04-24 11:52:20 INFO  Server.SessionManager - [SessionManager] Session removed — assel (alive 814s)  | Active sessions: 0
2026-04-24 12:05:31 INFO  Main - [Main] Application closing...
2026-04-24 12:05:31 INFO  Server.ClientHandler - [ClientHandler] Client disconnected cleanly: 127.0.0.1:51264
2026-04-24 12:05:31 INFO  Server.ClientHandler - [ClientHandler] Resources released for: 127.0.0.1:51264
2026-04-24 12:06:14 INFO  Server.Server - [Server] Bound to TCP port 8084
2026-04-24 12:06:14 INFO  Server.Server - [Server] Thread pool ready (20 threads)
2026-04-24 12:06:14 INFO  Server.UDPServer - [UDPBroadcaster] Ready — source port: 63924
2026-04-24 12:06:14 INFO  Server.Server - [Server] All dependencies wired — ready to accept connections.
2026-04-24 12:06:14 INFO  Server.Server - [Server] Listening — waiting for client connections...

2026-04-24 12:06:24 INFO  Main - [Main] Loaded server host from config: localhost
2026-04-24 12:06:24 INFO  Main - [Main] Connected to server localhost:8084
2026-04-24 12:06:24 INFO  Server.Server - [Server] Client connected: 127.0.0.1:57655  | Active sessions: 0
2026-04-24 12:06:24 INFO  Main - [Main] UDP listener started on port 8085
2026-04-24 12:06:25 INFO  Main - [Main] Login screen loaded successfully
2026-04-24 12:06:39 INFO  Server.DAO.ConnectionPool - [ConnectionPool] Initialized — 5 connections ready.
2026-04-24 12:06:39 INFO  Server.SessionManager - [SessionManager] Session added — SessionData{userId=1, username='admin', role='ADMIN', ip='127.0.0.1', udpPort=8085, age=0s}  | Active sessions: 1
2026-04-24 12:07:02 INFO  Server.handlers.AuthHandler - [AuthHandler] LOGOUT — token removed: null
2026-04-24 12:07:06 INFO  Client.Controllers.LoginController - handleLogin called
2026-04-24 12:07:07 INFO  Server.SessionManager - [SessionManager] Session added — SessionData{userId=4, username='assel', role='USER', ip='127.0.0.1', udpPort=8085, age=0s}  | Active sessions: 2
2026-04-24 12:07:07 INFO  Server.handlers.AuthHandler - [AuthHandler] LOGIN success — user: assel | role: USER | clientIP: 127.0.0.1 | udpPort: 8085
2026-04-24 12:09:01 INFO  Client.Controllers.CatalogController - [CatalogController] Attempting to open details for: FIFA 24
2026-04-24 12:09:01 ERROR Client.Controllers.CatalogController - Exception occurred
javafx.fxml.LoadException: Separator is not a valid type.
/C:/Users/ASSIL/IdeaProjects/ChriOnline/target/classes/UI/productDetails.fxml:69

	at javafx.fxml/javafx.fxml.FXMLLoader.constructLoadException(FXMLLoader.java:2718) ~[javafx-fxml-21-win.jar:?]
	at javafx.fxml/javafx.fxml.FXMLLoader.createElement(FXMLLoader.java:2920) ~[javafx-fxml-21-win.jar:?]
	at javafx.fxml/javafx.fxml.FXMLLoader.processStartElement(FXMLLoader.java:2850) ~[javafx-fxml-21-win.jar:?]
	at javafx.fxml/javafx.fxml.FXMLLoader.loadImpl(FXMLLoader.java:2649) ~[javafx-fxml-21-win.jar:?]
	at javafx.fxml/javafx.fxml.FXMLLoader.loadImpl(FXMLLoader.java:2563) ~[javafx-fxml-21-win.jar:?]
	at javafx.fxml/javafx.fxml.FXMLLoader.load(FXMLLoader.java:2531) ~[javafx-fxml-21-win.jar:?]
	at Client.Controllers.CatalogController.openProductDetails(CatalogController.java:387) ~[classes/:?]
	at Client.Controllers.CatalogController.lambda$createProductCard$6(CatalogController.java:225) ~[classes/:?]
	at javafx.base/com.sun.javafx.event.CompositeEventHandler.dispatchBubblingEvent(CompositeEventHandler.java:86) ~[javafx-base-21-win.jar:?]
	at javafx.base/com.sun.javafx.event.EventHandlerManager.dispatchBubblingEvent(EventHandlerManager.java:232) ~[javafx-base-21-win.jar:?]
	at javafx.base/com.sun.javafx.event.EventHandlerManager.dispatchBubblingEvent(EventHandlerManager.java:189) ~[javafx-base-21-win.jar:?]
	at javafx.base/com.sun.javafx.event.CompositeEventDispatcher.dispatchBubblingEvent(CompositeEventDispatcher.java:59) ~[javafx-base-21-win.jar:?]
	at javafx.base/com.sun.javafx.event.BasicEventDispatcher.dispatchEvent(BasicEventDispatcher.java:58) ~[javafx-base-21-win.jar:?]
	at javafx.base/com.sun.javafx.event.EventDispatchChainImpl.dispatchEvent(EventDispatchChainImpl.java:114) ~[javafx-base-21-win.jar:?]
	at javafx.base/com.sun.javafx.event.BasicEventDispatcher.dispatchEvent(BasicEventDispatcher.java:56) ~[javafx-base-21-win.jar:?]
	at javafx.base/com.sun.javafx.event.EventDispatchChainImpl.dispatchEvent(EventDispatchChainImpl.java:114) ~[javafx-base-21-win.jar:?]
	at javafx.base/com.sun.javafx.event.BasicEventDispatcher.dispatchEvent(BasicEventDispatcher.java:56) ~[javafx-base-21-win.jar:?]
	at javafx.base/com.sun.javafx.event.EventDispatchChainImpl.dispatchEvent(EventDispatchChainImpl.java:114) ~[javafx-base-21-win.jar:?]
	at javafx.base/com.sun.javafx.event.BasicEventDispatcher.dispatchEvent(BasicEventDispatcher.java:56) ~[javafx-base-21-win.jar:?]
	at javafx.base/com.sun.javafx.event.EventDispatchChainImpl.dispatchEvent(EventDispatchChainImpl.java:114) ~[javafx-base-21-win.jar:?]
	at javafx.base/com.sun.javafx.event.BasicEventDispatcher.dispatchEvent(BasicEventDispatcher.java:56) ~[javafx-base-21-win.jar:?]
	at javafx.base/com.sun.javafx.event.EventDispatchChainImpl.dispatchEvent(EventDispatchChainImpl.java:114) ~[javafx-base-21-win.jar:?]
	at javafx.base/com.sun.javafx.event.BasicEventDispatcher.dispatchEvent(BasicEventDispatcher.java:56) ~[javafx-base-21-win.jar:?]
	at javafx.base/com.sun.javafx.event.EventDispatchChainImpl.dispatchEvent(EventDispatchChainImpl.java:114) ~[javafx-base-21-win.jar:?]
	at javafx.base/com.sun.javafx.event.EventUtil.fireEventImpl(EventUtil.java:74) ~[javafx-base-21-win.jar:?]
	at javafx.base/com.sun.javafx.event.EventUtil.fireEvent(EventUtil.java:49) ~[javafx-base-21-win.jar:?]
	at javafx.base/javafx.event.Event.fireEvent(Event.java:198) ~[javafx-base-21-win.jar:?]
	at javafx.graphics/javafx.scene.Node.fireEvent(Node.java:8875) ~[javafx-graphics-21-win.jar:?]
	at javafx.controls/javafx.scene.control.Button.fire(Button.java:203) ~[javafx-controls-21-win.jar:?]
	at javafx.controls/com.sun.javafx.scene.control.behavior.ButtonBehavior.mouseReleased(ButtonBehavior.java:207) ~[javafx-controls-21-win.jar:?]
	at javafx.controls/com.sun.javafx.scene.control.inputmap.InputMap.handle(InputMap.java:274) ~[javafx-controls-21-win.jar:?]
	at javafx.base/com.sun.javafx.event.CompositeEventHandler$NormalEventHandlerRecord.handleBubblingEvent(CompositeEventHandler.java:247) ~[javafx-base-21-win.jar:?]
	at javafx.base/com.sun.javafx.event.CompositeEventHandler.dispatchBubblingEvent(CompositeEventHandler.java:80) ~[javafx-base-21-win.jar:?]
	at javafx.base/com.sun.javafx.event.EventHandlerManager.dispatchBubblingEvent(EventHandlerManager.java:232) ~[javafx-base-21-win.jar:?]
	at javafx.base/com.sun.javafx.event.EventHandlerManager.dispatchBubblingEvent(EventHandlerManager.java:189) ~[javafx-base-21-win.jar:?]
	at javafx.base/com.sun.javafx.event.CompositeEventDispatcher.dispatchBubblingEvent(CompositeEventDispatcher.java:59) ~[javafx-base-21-win.jar:?]
	at javafx.base/com.sun.javafx.event.BasicEventDispatcher.dispatchEvent(BasicEventDispatcher.java:58) ~[javafx-base-21-win.jar:?]
	at javafx.base/com.sun.javafx.event.EventDispatchChainImpl.dispatchEvent(EventDispatchChainImpl.java:114) ~[javafx-base-21-win.jar:?]
	at javafx.base/com.sun.javafx.event.BasicEventDispatcher.dispatchEvent(BasicEventDispatcher.java:56) ~[javafx-base-21-win.jar:?]
	at javafx.base/com.sun.javafx.event.EventDispatchChainImpl.dispatchEvent(EventDispatchChainImpl.java:114) ~[javafx-base-21-win.jar:?]
	at javafx.base/com.sun.javafx.event.BasicEventDispatcher.dispatchEvent(BasicEventDispatcher.java:56) ~[javafx-base-21-win.jar:?]
	at javafx.base/com.sun.javafx.event.EventDispatchChainImpl.dispatchEvent(EventDispatchChainImpl.java:114) ~[javafx-base-21-win.jar:?]
	at javafx.base/com.sun.javafx.event.BasicEventDispatcher.dispatchEvent(BasicEventDispatcher.java:56) ~[javafx-base-21-win.jar:?]
	at javafx.base/com.sun.javafx.event.EventDispatchChainImpl.dispatchEvent(EventDispatchChainImpl.java:114) ~[javafx-base-21-win.jar:?]
	at javafx.base/com.sun.javafx.event.BasicEventDispatcher.dispatchEvent(BasicEventDispatcher.java:56) ~[javafx-base-21-win.jar:?]
	at javafx.base/com.sun.javafx.event.EventDispatchChainImpl.dispatchEvent(EventDispatchChainImpl.java:114) ~[javafx-base-21-win.jar:?]
	at javafx.base/com.sun.javafx.event.BasicEventDispatcher.dispatchEvent(BasicEventDispatcher.java:56) ~[javafx-base-21-win.jar:?]
	at javafx.base/com.sun.javafx.event.EventDispatchChainImpl.dispatchEvent(EventDispatchChainImpl.java:114) ~[javafx-base-21-win.jar:?]
	at javafx.base/com.sun.javafx.event.EventUtil.fireEventImpl(EventUtil.java:74) ~[javafx-base-21-win.jar:?]
	at javafx.base/com.sun.javafx.event.EventUtil.fireEvent(EventUtil.java:54) ~[javafx-base-21-win.jar:?]
	at javafx.base/javafx.event.Event.fireEvent(Event.java:198) ~[javafx-base-21-win.jar:?]
	at javafx.graphics/javafx.scene.Scene$MouseHandler.process(Scene.java:3984) ~[javafx-graphics-21-win.jar:?]
	at javafx.graphics/javafx.scene.Scene.processMouseEvent(Scene.java:1890) ~[javafx-graphics-21-win.jar:?]
	at javafx.graphics/javafx.scene.Scene$ScenePeerListener.mouseEvent(Scene.java:2708) ~[javafx-graphics-21-win.jar:?]
	at javafx.graphics/com.sun.javafx.tk.quantum.GlassViewEventHandler$MouseEventNotification.run(GlassViewEventHandler.java:411) ~[javafx-graphics-21-win.jar:?]
	at javafx.graphics/com.sun.javafx.tk.quantum.GlassViewEventHandler$MouseEventNotification.run(GlassViewEventHandler.java:301) ~[javafx-graphics-21-win.jar:?]
	at java.base/java.security.AccessController.doPrivileged(AccessController.java:400) ~[?:?]
	at javafx.graphics/com.sun.javafx.tk.quantum.GlassViewEventHandler.lambda$handleMouseEvent$2(GlassViewEventHandler.java:450) ~[javafx-graphics-21-win.jar:?]
	at javafx.graphics/com.sun.javafx.tk.quantum.QuantumToolkit.runWithoutRenderLock(QuantumToolkit.java:424) ~[javafx-graphics-21-win.jar:?]
	at javafx.graphics/com.sun.javafx.tk.quantum.GlassViewEventHandler.handleMouseEvent(GlassViewEventHandler.java:449) ~[javafx-graphics-21-win.jar:?]
	at javafx.graphics/com.sun.glass.ui.View.handleMouseEvent(View.java:551) ~[javafx-graphics-21-win.jar:?]
	at javafx.graphics/com.sun.glass.ui.View.notifyMouse(View.java:937) ~[javafx-graphics-21-win.jar:?]
	at javafx.graphics/com.sun.glass.ui.win.WinApplication._runLoop(Native Method) ~[javafx-graphics-21-win.jar:?]
	at javafx.graphics/com.sun.glass.ui.win.WinApplication.lambda$runLoop$3(WinApplication.java:185) ~[javafx-graphics-21-win.jar:?]
	at java.base/java.lang.Thread.run(Thread.java:1575) [?:?]
2026-04-24 12:09:01 INFO  Client.Controllers.CatalogController - [CatalogController Status] ERROR: Error opening details: Separator is not a valid type.
/C:/Users/ASSIL/IdeaProjects/ChriOnline/target/classes/UI/productDetails.fxml:69

2026-04-24 12:09:05 INFO  Client.Controllers.CatalogController - [CatalogController] Attempting to open details for: Laptop ProBook 450
2026-04-24 12:09:05 ERROR Client.Controllers.CatalogController - Exception occurred
javafx.fxml.LoadException: Separator is not a valid type.
/C:/Users/ASSIL/IdeaProjects/ChriOnline/target/classes/UI/productDetails.fxml:69

	at javafx.fxml/javafx.fxml.FXMLLoader.constructLoadException(FXMLLoader.java:2718) ~[javafx-fxml-21-win.jar:?]
	at javafx.fxml/javafx.fxml.FXMLLoader.createElement(FXMLLoader.java:2920) ~[javafx-fxml-21-win.jar:?]
	at javafx.fxml/javafx.fxml.FXMLLoader.processStartElement(FXMLLoader.java:2850) ~[javafx-fxml-21-win.jar:?]
	at javafx.fxml/javafx.fxml.FXMLLoader.loadImpl(FXMLLoader.java:2649) ~[javafx-fxml-21-win.jar:?]
	at javafx.fxml/javafx.fxml.FXMLLoader.loadImpl(FXMLLoader.java:2563) ~[javafx-fxml-21-win.jar:?]
	at javafx.fxml/javafx.fxml.FXMLLoader.load(FXMLLoader.java:2531) ~[javafx-fxml-21-win.jar:?]
	at Client.Controllers.CatalogController.openProductDetails(CatalogController.java:387) ~[classes/:?]
	at Client.Controllers.CatalogController.lambda$createProductCard$6(CatalogController.java:225) ~[classes/:?]
	at javafx.base/com.sun.javafx.event.CompositeEventHandler.dispatchBubblingEvent(CompositeEventHandler.java:86) ~[javafx-base-21-win.jar:?]
	at javafx.base/com.sun.javafx.event.EventHandlerManager.dispatchBubblingEvent(EventHandlerManager.java:232) ~[javafx-base-21-win.jar:?]
	at javafx.base/com.sun.javafx.event.EventHandlerManager.dispatchBubblingEvent(EventHandlerManager.java:189) ~[javafx-base-21-win.jar:?]
	at javafx.base/com.sun.javafx.event.CompositeEventDispatcher.dispatchBubblingEvent(CompositeEventDispatcher.java:59) ~[javafx-base-21-win.jar:?]
	at javafx.base/com.sun.javafx.event.BasicEventDispatcher.dispatchEvent(BasicEventDispatcher.java:58) ~[javafx-base-21-win.jar:?]
	at javafx.base/com.sun.javafx.event.EventDispatchChainImpl.dispatchEvent(EventDispatchChainImpl.java:114) ~[javafx-base-21-win.jar:?]
	at javafx.base/com.sun.javafx.event.BasicEventDispatcher.dispatchEvent(BasicEventDispatcher.java:56) ~[javafx-base-21-win.jar:?]
	at javafx.base/com.sun.javafx.event.EventDispatchChainImpl.dispatchEvent(EventDispatchChainImpl.java:114) ~[javafx-base-21-win.jar:?]
	at javafx.base/com.sun.javafx.event.BasicEventDispatcher.dispatchEvent(BasicEventDispatcher.java:56) ~[javafx-base-21-win.jar:?]
	at javafx.base/com.sun.javafx.event.EventDispatchChainImpl.dispatchEvent(EventDispatchChainImpl.java:114) ~[javafx-base-21-win.jar:?]
	at javafx.base/com.sun.javafx.event.BasicEventDispatcher.dispatchEvent(BasicEventDispatcher.java:56) ~[javafx-base-21-win.jar:?]
	at javafx.base/com.sun.javafx.event.EventDispatchChainImpl.dispatchEvent(EventDispatchChainImpl.java:114) ~[javafx-base-21-win.jar:?]
	at javafx.base/com.sun.javafx.event.BasicEventDispatcher.dispatchEvent(BasicEventDispatcher.java:56) ~[javafx-base-21-win.jar:?]
	at javafx.base/com.sun.javafx.event.EventDispatchChainImpl.dispatchEvent(EventDispatchChainImpl.java:114) ~[javafx-base-21-win.jar:?]
	at javafx.base/com.sun.javafx.event.BasicEventDispatcher.dispatchEvent(BasicEventDispatcher.java:56) ~[javafx-base-21-win.jar:?]
	at javafx.base/com.sun.javafx.event.EventDispatchChainImpl.dispatchEvent(EventDispatchChainImpl.java:114) ~[javafx-base-21-win.jar:?]
	at javafx.base/com.sun.javafx.event.EventUtil.fireEventImpl(EventUtil.java:74) ~[javafx-base-21-win.jar:?]
	at javafx.base/com.sun.javafx.event.EventUtil.fireEvent(EventUtil.java:49) ~[javafx-base-21-win.jar:?]
	at javafx.base/javafx.event.Event.fireEvent(Event.java:198) ~[javafx-base-21-win.jar:?]
	at javafx.graphics/javafx.scene.Node.fireEvent(Node.java:8875) ~[javafx-graphics-21-win.jar:?]
	at javafx.controls/javafx.scene.control.Button.fire(Button.java:203) ~[javafx-controls-21-win.jar:?]
	at javafx.controls/com.sun.javafx.scene.control.behavior.ButtonBehavior.mouseReleased(ButtonBehavior.java:207) ~[javafx-controls-21-win.jar:?]
	at javafx.controls/com.sun.javafx.scene.control.inputmap.InputMap.handle(InputMap.java:274) ~[javafx-controls-21-win.jar:?]
	at javafx.base/com.sun.javafx.event.CompositeEventHandler$NormalEventHandlerRecord.handleBubblingEvent(CompositeEventHandler.java:247) ~[javafx-base-21-win.jar:?]
	at javafx.base/com.sun.javafx.event.CompositeEventHandler.dispatchBubblingEvent(CompositeEventHandler.java:80) ~[javafx-base-21-win.jar:?]
	at javafx.base/com.sun.javafx.event.EventHandlerManager.dispatchBubblingEvent(EventHandlerManager.java:232) ~[javafx-base-21-win.jar:?]
	at javafx.base/com.sun.javafx.event.EventHandlerManager.dispatchBubblingEvent(EventHandlerManager.java:189) ~[javafx-base-21-win.jar:?]
	at javafx.base/com.sun.javafx.event.CompositeEventDispatcher.dispatchBubblingEvent(CompositeEventDispatcher.java:59) ~[javafx-base-21-win.jar:?]
	at javafx.base/com.sun.javafx.event.BasicEventDispatcher.dispatchEvent(BasicEventDispatcher.java:58) ~[javafx-base-21-win.jar:?]
	at javafx.base/com.sun.javafx.event.EventDispatchChainImpl.dispatchEvent(EventDispatchChainImpl.java:114) ~[javafx-base-21-win.jar:?]
	at javafx.base/com.sun.javafx.event.BasicEventDispatcher.dispatchEvent(BasicEventDispatcher.java:56) ~[javafx-base-21-win.jar:?]
	at javafx.base/com.sun.javafx.event.EventDispatchChainImpl.dispatchEvent(EventDispatchChainImpl.java:114) ~[javafx-base-21-win.jar:?]
	at javafx.base/com.sun.javafx.event.BasicEventDispatcher.dispatchEvent(BasicEventDispatcher.java:56) ~[javafx-base-21-win.jar:?]
	at javafx.base/com.sun.javafx.event.EventDispatchChainImpl.dispatchEvent(EventDispatchChainImpl.java:114) ~[javafx-base-21-win.jar:?]
	at javafx.base/com.sun.javafx.event.BasicEventDispatcher.dispatchEvent(BasicEventDispatcher.java:56) ~[javafx-base-21-win.jar:?]
	at javafx.base/com.sun.javafx.event.EventDispatchChainImpl.dispatchEvent(EventDispatchChainImpl.java:114) ~[javafx-base-21-win.jar:?]
	at javafx.base/com.sun.javafx.event.BasicEventDispatcher.dispatchEvent(BasicEventDispatcher.java:56) ~[javafx-base-21-win.jar:?]
	at javafx.base/com.sun.javafx.event.EventDispatchChainImpl.dispatchEvent(EventDispatchChainImpl.java:114) ~[javafx-base-21-win.jar:?]
	at javafx.base/com.sun.javafx.event.BasicEventDispatcher.dispatchEvent(BasicEventDispatcher.java:56) ~[javafx-base-21-win.jar:?]
	at javafx.base/com.sun.javafx.event.EventDispatchChainImpl.dispatchEvent(EventDispatchChainImpl.java:114) ~[javafx-base-21-win.jar:?]
	at javafx.base/com.sun.javafx.event.EventUtil.fireEventImpl(EventUtil.java:74) ~[javafx-base-21-win.jar:?]
	at javafx.base/com.sun.javafx.event.EventUtil.fireEvent(EventUtil.java:54) ~[javafx-base-21-win.jar:?]
	at javafx.base/javafx.event.Event.fireEvent(Event.java:198) ~[javafx-base-21-win.jar:?]
	at javafx.graphics/javafx.scene.Scene$MouseHandler.process(Scene.java:3984) ~[javafx-graphics-21-win.jar:?]
	at javafx.graphics/javafx.scene.Scene.processMouseEvent(Scene.java:1890) ~[javafx-graphics-21-win.jar:?]
	at javafx.graphics/javafx.scene.Scene$ScenePeerListener.mouseEvent(Scene.java:2708) ~[javafx-graphics-21-win.jar:?]
	at javafx.graphics/com.sun.javafx.tk.quantum.GlassViewEventHandler$MouseEventNotification.run(GlassViewEventHandler.java:411) ~[javafx-graphics-21-win.jar:?]
	at javafx.graphics/com.sun.javafx.tk.quantum.GlassViewEventHandler$MouseEventNotification.run(GlassViewEventHandler.java:301) ~[javafx-graphics-21-win.jar:?]
	at java.base/java.security.AccessController.doPrivileged(AccessController.java:400) ~[?:?]
	at javafx.graphics/com.sun.javafx.tk.quantum.GlassViewEventHandler.lambda$handleMouseEvent$2(GlassViewEventHandler.java:450) ~[javafx-graphics-21-win.jar:?]
	at javafx.graphics/com.sun.javafx.tk.quantum.QuantumToolkit.runWithoutRenderLock(QuantumToolkit.java:424) ~[javafx-graphics-21-win.jar:?]
	at javafx.graphics/com.sun.javafx.tk.quantum.GlassViewEventHandler.handleMouseEvent(GlassViewEventHandler.java:449) ~[javafx-graphics-21-win.jar:?]
	at javafx.graphics/com.sun.glass.ui.View.handleMouseEvent(View.java:551) ~[javafx-graphics-21-win.jar:?]
	at javafx.graphics/com.sun.glass.ui.View.notifyMouse(View.java:937) ~[javafx-graphics-21-win.jar:?]
	at javafx.graphics/com.sun.glass.ui.win.WinApplication._runLoop(Native Method) ~[javafx-graphics-21-win.jar:?]
	at javafx.graphics/com.sun.glass.ui.win.WinApplication.lambda$runLoop$3(WinApplication.java:185) ~[javafx-graphics-21-win.jar:?]
	at java.base/java.lang.Thread.run(Thread.java:1575) [?:?]
2026-04-24 12:09:05 INFO  Client.Controllers.CatalogController - [CatalogController Status] ERROR: Error opening details: Separator is not a valid type.
/C:/Users/ASSIL/IdeaProjects/ChriOnline/target/classes/UI/productDetails.fxml:69

2026-04-24 12:09:07 INFO  Client.Controllers.CatalogController - [CatalogController] Attempting to open details for: Smartphone Galaxy X12
2026-04-24 12:09:07 ERROR Client.Controllers.CatalogController - Exception occurred
javafx.fxml.LoadException: Separator is not a valid type.
/C:/Users/ASSIL/IdeaProjects/ChriOnline/target/classes/UI/productDetails.fxml:69

	at javafx.fxml/javafx.fxml.FXMLLoader.constructLoadException(FXMLLoader.java:2718) ~[javafx-fxml-21-win.jar:?]
	at javafx.fxml/javafx.fxml.FXMLLoader.createElement(FXMLLoader.java:2920) ~[javafx-fxml-21-win.jar:?]
	at javafx.fxml/javafx.fxml.FXMLLoader.processStartElement(FXMLLoader.java:2850) ~[javafx-fxml-21-win.jar:?]
	at javafx.fxml/javafx.fxml.FXMLLoader.loadImpl(FXMLLoader.java:2649) ~[javafx-fxml-21-win.jar:?]
	at javafx.fxml/javafx.fxml.FXMLLoader.loadImpl(FXMLLoader.java:2563) ~[javafx-fxml-21-win.jar:?]
	at javafx.fxml/javafx.fxml.FXMLLoader.load(FXMLLoader.java:2531) ~[javafx-fxml-21-win.jar:?]
	at Client.Controllers.CatalogController.openProductDetails(CatalogController.java:387) ~[classes/:?]
	at Client.Controllers.CatalogController.lambda$createProductCard$6(CatalogController.java:225) ~[classes/:?]
	at javafx.base/com.sun.javafx.event.CompositeEventHandler.dispatchBubblingEvent(CompositeEventHandler.java:86) ~[javafx-base-21-win.jar:?]
	at javafx.base/com.sun.javafx.event.EventHandlerManager.dispatchBubblingEvent(EventHandlerManager.java:232) ~[javafx-base-21-win.jar:?]
	at javafx.base/com.sun.javafx.event.EventHandlerManager.dispatchBubblingEvent(EventHandlerManager.java:189) ~[javafx-base-21-win.jar:?]
	at javafx.base/com.sun.javafx.event.CompositeEventDispatcher.dispatchBubblingEvent(CompositeEventDispatcher.java:59) ~[javafx-base-21-win.jar:?]
	at javafx.base/com.sun.javafx.event.BasicEventDispatcher.dispatchEvent(BasicEventDispatcher.java:58) ~[javafx-base-21-win.jar:?]
	at javafx.base/com.sun.javafx.event.EventDispatchChainImpl.dispatchEvent(EventDispatchChainImpl.java:114) ~[javafx-base-21-win.jar:?]
	at javafx.base/com.sun.javafx.event.BasicEventDispatcher.dispatchEvent(BasicEventDispatcher.java:56) ~[javafx-base-21-win.jar:?]
	at javafx.base/com.sun.javafx.event.EventDispatchChainImpl.dispatchEvent(EventDispatchChainImpl.java:114) ~[javafx-base-21-win.jar:?]
	at javafx.base/com.sun.javafx.event.BasicEventDispatcher.dispatchEvent(BasicEventDispatcher.java:56) ~[javafx-base-21-win.jar:?]
	at javafx.base/com.sun.javafx.event.EventDispatchChainImpl.dispatchEvent(EventDispatchChainImpl.java:114) ~[javafx-base-21-win.jar:?]
	at javafx.base/com.sun.javafx.event.BasicEventDispatcher.dispatchEvent(BasicEventDispatcher.java:56) ~[javafx-base-21-win.jar:?]
	at javafx.base/com.sun.javafx.event.EventDispatchChainImpl.dispatchEvent(EventDispatchChainImpl.java:114) ~[javafx-base-21-win.jar:?]
	at javafx.base/com.sun.javafx.event.BasicEventDispatcher.dispatchEvent(BasicEventDispatcher.java:56) ~[javafx-base-21-win.jar:?]
	at javafx.base/com.sun.javafx.event.EventDispatchChainImpl.dispatchEvent(EventDispatchChainImpl.java:114) ~[javafx-base-21-win.jar:?]
	at javafx.base/com.sun.javafx.event.BasicEventDispatcher.dispatchEvent(BasicEventDispatcher.java:56) ~[javafx-base-21-win.jar:?]
	at javafx.base/com.sun.javafx.event.EventDispatchChainImpl.dispatchEvent(EventDispatchChainImpl.java:114) ~[javafx-base-21-win.jar:?]
	at javafx.base/com.sun.javafx.event.EventUtil.fireEventImpl(EventUtil.java:74) ~[javafx-base-21-win.jar:?]
	at javafx.base/com.sun.javafx.event.EventUtil.fireEvent(EventUtil.java:49) ~[javafx-base-21-win.jar:?]
	at javafx.base/javafx.event.Event.fireEvent(Event.java:198) ~[javafx-base-21-win.jar:?]
	at javafx.graphics/javafx.scene.Node.fireEvent(Node.java:8875) ~[javafx-graphics-21-win.jar:?]
	at javafx.controls/javafx.scene.control.Button.fire(Button.java:203) ~[javafx-controls-21-win.jar:?]
	at javafx.controls/com.sun.javafx.scene.control.behavior.ButtonBehavior.mouseReleased(ButtonBehavior.java:207) ~[javafx-controls-21-win.jar:?]
	at javafx.controls/com.sun.javafx.scene.control.inputmap.InputMap.handle(InputMap.java:274) ~[javafx-controls-21-win.jar:?]
	at javafx.base/com.sun.javafx.event.CompositeEventHandler$NormalEventHandlerRecord.handleBubblingEvent(CompositeEventHandler.java:247) ~[javafx-base-21-win.jar:?]
	at javafx.base/com.sun.javafx.event.CompositeEventHandler.dispatchBubblingEvent(CompositeEventHandler.java:80) ~[javafx-base-21-win.jar:?]
	at javafx.base/com.sun.javafx.event.EventHandlerManager.dispatchBubblingEvent(EventHandlerManager.java:232) ~[javafx-base-21-win.jar:?]
	at javafx.base/com.sun.javafx.event.EventHandlerManager.dispatchBubblingEvent(EventHandlerManager.java:189) ~[javafx-base-21-win.jar:?]
	at javafx.base/com.sun.javafx.event.CompositeEventDispatcher.dispatchBubblingEvent(CompositeEventDispatcher.java:59) ~[javafx-base-21-win.jar:?]
	at javafx.base/com.sun.javafx.event.BasicEventDispatcher.dispatchEvent(BasicEventDispatcher.java:58) ~[javafx-base-21-win.jar:?]
	at javafx.base/com.sun.javafx.event.EventDispatchChainImpl.dispatchEvent(EventDispatchChainImpl.java:114) ~[javafx-base-21-win.jar:?]
	at javafx.base/com.sun.javafx.event.BasicEventDispatcher.dispatchEvent(BasicEventDispatcher.java:56) ~[javafx-base-21-win.jar:?]
	at javafx.base/com.sun.javafx.event.EventDispatchChainImpl.dispatchEvent(EventDispatchChainImpl.java:114) ~[javafx-base-21-win.jar:?]
	at javafx.base/com.sun.javafx.event.BasicEventDispatcher.dispatchEvent(BasicEventDispatcher.java:56) ~[javafx-base-21-win.jar:?]
	at javafx.base/com.sun.javafx.event.EventDispatchChainImpl.dispatchEvent(EventDispatchChainImpl.java:114) ~[javafx-base-21-win.jar:?]
	at javafx.base/com.sun.javafx.event.BasicEventDispatcher.dispatchEvent(BasicEventDispatcher.java:56) ~[javafx-base-21-win.jar:?]
	at javafx.base/com.sun.javafx.event.EventDispatchChainImpl.dispatchEvent(EventDispatchChainImpl.java:114) ~[javafx-base-21-win.jar:?]
	at javafx.base/com.sun.javafx.event.BasicEventDispatcher.dispatchEvent(BasicEventDispatcher.java:56) ~[javafx-base-21-win.jar:?]
	at javafx.base/com.sun.javafx.event.EventDispatchChainImpl.dispatchEvent(EventDispatchChainImpl.java:114) ~[javafx-base-21-win.jar:?]
	at javafx.base/com.sun.javafx.event.BasicEventDispatcher.dispatchEvent(BasicEventDispatcher.java:56) ~[javafx-base-21-win.jar:?]
	at javafx.base/com.sun.javafx.event.EventDispatchChainImpl.dispatchEvent(EventDispatchChainImpl.java:114) ~[javafx-base-21-win.jar:?]
	at javafx.base/com.sun.javafx.event.EventUtil.fireEventImpl(EventUtil.java:74) ~[javafx-base-21-win.jar:?]
	at javafx.base/com.sun.javafx.event.EventUtil.fireEvent(EventUtil.java:54) ~[javafx-base-21-win.jar:?]
	at javafx.base/javafx.event.Event.fireEvent(Event.java:198) ~[javafx-base-21-win.jar:?]
	at javafx.graphics/javafx.scene.Scene$MouseHandler.process(Scene.java:3984) ~[javafx-graphics-21-win.jar:?]
	at javafx.graphics/javafx.scene.Scene.processMouseEvent(Scene.java:1890) ~[javafx-graphics-21-win.jar:?]
	at javafx.graphics/javafx.scene.Scene$ScenePeerListener.mouseEvent(Scene.java:2708) ~[javafx-graphics-21-win.jar:?]
	at javafx.graphics/com.sun.javafx.tk.quantum.GlassViewEventHandler$MouseEventNotification.run(GlassViewEventHandler.java:411) ~[javafx-graphics-21-win.jar:?]
	at javafx.graphics/com.sun.javafx.tk.quantum.GlassViewEventHandler$MouseEventNotification.run(GlassViewEventHandler.java:301) ~[javafx-graphics-21-win.jar:?]
	at java.base/java.security.AccessController.doPrivileged(AccessController.java:400) ~[?:?]
	at javafx.graphics/com.sun.javafx.tk.quantum.GlassViewEventHandler.lambda$handleMouseEvent$2(GlassViewEventHandler.java:450) ~[javafx-graphics-21-win.jar:?]
	at javafx.graphics/com.sun.javafx.tk.quantum.QuantumToolkit.runWithoutRenderLock(QuantumToolkit.java:424) ~[javafx-graphics-21-win.jar:?]
	at javafx.graphics/com.sun.javafx.tk.quantum.GlassViewEventHandler.handleMouseEvent(GlassViewEventHandler.java:449) ~[javafx-graphics-21-win.jar:?]
	at javafx.graphics/com.sun.glass.ui.View.handleMouseEvent(View.java:551) ~[javafx-graphics-21-win.jar:?]
	at javafx.graphics/com.sun.glass.ui.View.notifyMouse(View.java:937) ~[javafx-graphics-21-win.jar:?]
	at javafx.graphics/com.sun.glass.ui.win.WinApplication._runLoop(Native Method) ~[javafx-graphics-21-win.jar:?]
	at javafx.graphics/com.sun.glass.ui.win.WinApplication.lambda$runLoop$3(WinApplication.java:185) ~[javafx-graphics-21-win.jar:?]
	at java.base/java.lang.Thread.run(Thread.java:1575) [?:?]
2026-04-24 12:09:07 INFO  Client.Controllers.CatalogController - [CatalogController Status] ERROR: Error opening details: Separator is not a valid type.
/C:/Users/ASSIL/IdeaProjects/ChriOnline/target/classes/UI/productDetails.fxml:69

2026-04-24 12:09:19 INFO  Client.Controllers.CatalogController - [CatalogController] Attempting to open details for: Laptop ProBook 450
2026-04-24 12:09:19 ERROR Client.Controllers.CatalogController - Exception occurred
javafx.fxml.LoadException: Separator is not a valid type.
/C:/Users/ASSIL/IdeaProjects/ChriOnline/target/classes/UI/productDetails.fxml:69

	at javafx.fxml/javafx.fxml.FXMLLoader.constructLoadException(FXMLLoader.java:2718) ~[javafx-fxml-21-win.jar:?]
	at javafx.fxml/javafx.fxml.FXMLLoader.createElement(FXMLLoader.java:2920) ~[javafx-fxml-21-win.jar:?]
	at javafx.fxml/javafx.fxml.FXMLLoader.processStartElement(FXMLLoader.java:2850) ~[javafx-fxml-21-win.jar:?]
	at javafx.fxml/javafx.fxml.FXMLLoader.loadImpl(FXMLLoader.java:2649) ~[javafx-fxml-21-win.jar:?]
	at javafx.fxml/javafx.fxml.FXMLLoader.loadImpl(FXMLLoader.java:2563) ~[javafx-fxml-21-win.jar:?]
	at javafx.fxml/javafx.fxml.FXMLLoader.load(FXMLLoader.java:2531) ~[javafx-fxml-21-win.jar:?]
	at Client.Controllers.CatalogController.openProductDetails(CatalogController.java:387) ~[classes/:?]
	at Client.Controllers.CatalogController.lambda$createProductCard$6(CatalogController.java:225) ~[classes/:?]
	at javafx.base/com.sun.javafx.event.CompositeEventHandler.dispatchBubblingEvent(CompositeEventHandler.java:86) ~[javafx-base-21-win.jar:?]
	at javafx.base/com.sun.javafx.event.EventHandlerManager.dispatchBubblingEvent(EventHandlerManager.java:232) ~[javafx-base-21-win.jar:?]
	at javafx.base/com.sun.javafx.event.EventHandlerManager.dispatchBubblingEvent(EventHandlerManager.java:189) ~[javafx-base-21-win.jar:?]
	at javafx.base/com.sun.javafx.event.CompositeEventDispatcher.dispatchBubblingEvent(CompositeEventDispatcher.java:59) ~[javafx-base-21-win.jar:?]
	at javafx.base/com.sun.javafx.event.BasicEventDispatcher.dispatchEvent(BasicEventDispatcher.java:58) ~[javafx-base-21-win.jar:?]
	at javafx.base/com.sun.javafx.event.EventDispatchChainImpl.dispatchEvent(EventDispatchChainImpl.java:114) ~[javafx-base-21-win.jar:?]
	at javafx.base/com.sun.javafx.event.BasicEventDispatcher.dispatchEvent(BasicEventDispatcher.java:56) ~[javafx-base-21-win.jar:?]
	at javafx.base/com.sun.javafx.event.EventDispatchChainImpl.dispatchEvent(EventDispatchChainImpl.java:114) ~[javafx-base-21-win.jar:?]
	at javafx.base/com.sun.javafx.event.BasicEventDispatcher.dispatchEvent(BasicEventDispatcher.java:56) ~[javafx-base-21-win.jar:?]
	at javafx.base/com.sun.javafx.event.EventDispatchChainImpl.dispatchEvent(EventDispatchChainImpl.java:114) ~[javafx-base-21-win.jar:?]
	at javafx.base/com.sun.javafx.event.BasicEventDispatcher.dispatchEvent(BasicEventDispatcher.java:56) ~[javafx-base-21-win.jar:?]
	at javafx.base/com.sun.javafx.event.EventDispatchChainImpl.dispatchEvent(EventDispatchChainImpl.java:114) ~[javafx-base-21-win.jar:?]
	at javafx.base/com.sun.javafx.event.BasicEventDispatcher.dispatchEvent(BasicEventDispatcher.java:56) ~[javafx-base-21-win.jar:?]
	at javafx.base/com.sun.javafx.event.EventDispatchChainImpl.dispatchEvent(EventDispatchChainImpl.java:114) ~[javafx-base-21-win.jar:?]
	at javafx.base/com.sun.javafx.event.BasicEventDispatcher.dispatchEvent(BasicEventDispatcher.java:56) ~[javafx-base-21-win.jar:?]
	at javafx.base/com.sun.javafx.event.EventDispatchChainImpl.dispatchEvent(EventDispatchChainImpl.java:114) ~[javafx-base-21-win.jar:?]
	at javafx.base/com.sun.javafx.event.EventUtil.fireEventImpl(EventUtil.java:74) ~[javafx-base-21-win.jar:?]
	at javafx.base/com.sun.javafx.event.EventUtil.fireEvent(EventUtil.java:49) ~[javafx-base-21-win.jar:?]
	at javafx.base/javafx.event.Event.fireEvent(Event.java:198) ~[javafx-base-21-win.jar:?]
	at javafx.graphics/javafx.scene.Node.fireEvent(Node.java:8875) ~[javafx-graphics-21-win.jar:?]
	at javafx.controls/javafx.scene.control.Button.fire(Button.java:203) ~[javafx-controls-21-win.jar:?]
	at javafx.controls/com.sun.javafx.scene.control.behavior.ButtonBehavior.mouseReleased(ButtonBehavior.java:207) ~[javafx-controls-21-win.jar:?]
	at javafx.controls/com.sun.javafx.scene.control.inputmap.InputMap.handle(InputMap.java:274) ~[javafx-controls-21-win.jar:?]
	at javafx.base/com.sun.javafx.event.CompositeEventHandler$NormalEventHandlerRecord.handleBubblingEvent(CompositeEventHandler.java:247) ~[javafx-base-21-win.jar:?]
	at javafx.base/com.sun.javafx.event.CompositeEventHandler.dispatchBubblingEvent(CompositeEventHandler.java:80) ~[javafx-base-21-win.jar:?]
	at javafx.base/com.sun.javafx.event.EventHandlerManager.dispatchBubblingEvent(EventHandlerManager.java:232) ~[javafx-base-21-win.jar:?]
	at javafx.base/com.sun.javafx.event.EventHandlerManager.dispatchBubblingEvent(EventHandlerManager.java:189) ~[javafx-base-21-win.jar:?]
	at javafx.base/com.sun.javafx.event.CompositeEventDispatcher.dispatchBubblingEvent(CompositeEventDispatcher.java:59) ~[javafx-base-21-win.jar:?]
	at javafx.base/com.sun.javafx.event.BasicEventDispatcher.dispatchEvent(BasicEventDispatcher.java:58) ~[javafx-base-21-win.jar:?]
	at javafx.base/com.sun.javafx.event.EventDispatchChainImpl.dispatchEvent(EventDispatchChainImpl.java:114) ~[javafx-base-21-win.jar:?]
	at javafx.base/com.sun.javafx.event.BasicEventDispatcher.dispatchEvent(BasicEventDispatcher.java:56) ~[javafx-base-21-win.jar:?]
	at javafx.base/com.sun.javafx.event.EventDispatchChainImpl.dispatchEvent(EventDispatchChainImpl.java:114) ~[javafx-base-21-win.jar:?]
	at javafx.base/com.sun.javafx.event.BasicEventDispatcher.dispatchEvent(BasicEventDispatcher.java:56) ~[javafx-base-21-win.jar:?]
	at javafx.base/com.sun.javafx.event.EventDispatchChainImpl.dispatchEvent(EventDispatchChainImpl.java:114) ~[javafx-base-21-win.jar:?]
	at javafx.base/com.sun.javafx.event.BasicEventDispatcher.dispatchEvent(BasicEventDispatcher.java:56) ~[javafx-base-21-win.jar:?]
	at javafx.base/com.sun.javafx.event.EventDispatchChainImpl.dispatchEvent(EventDispatchChainImpl.java:114) ~[javafx-base-21-win.jar:?]
	at javafx.base/com.sun.javafx.event.BasicEventDispatcher.dispatchEvent(BasicEventDispatcher.java:56) ~[javafx-base-21-win.jar:?]
	at javafx.base/com.sun.javafx.event.EventDispatchChainImpl.dispatchEvent(EventDispatchChainImpl.java:114) ~[javafx-base-21-win.jar:?]
	at javafx.base/com.sun.javafx.event.BasicEventDispatcher.dispatchEvent(BasicEventDispatcher.java:56) ~[javafx-base-21-win.jar:?]
	at javafx.base/com.sun.javafx.event.EventDispatchChainImpl.dispatchEvent(EventDispatchChainImpl.java:114) ~[javafx-base-21-win.jar:?]
	at javafx.base/com.sun.javafx.event.EventUtil.fireEventImpl(EventUtil.java:74) ~[javafx-base-21-win.jar:?]
	at javafx.base/com.sun.javafx.event.EventUtil.fireEvent(EventUtil.java:54) ~[javafx-base-21-win.jar:?]
	at javafx.base/javafx.event.Event.fireEvent(Event.java:198) ~[javafx-base-21-win.jar:?]
	at javafx.graphics/javafx.scene.Scene$MouseHandler.process(Scene.java:3984) ~[javafx-graphics-21-win.jar:?]
	at javafx.graphics/javafx.scene.Scene.processMouseEvent(Scene.java:1890) ~[javafx-graphics-21-win.jar:?]
	at javafx.graphics/javafx.scene.Scene$ScenePeerListener.mouseEvent(Scene.java:2708) ~[javafx-graphics-21-win.jar:?]
	at javafx.graphics/com.sun.javafx.tk.quantum.GlassViewEventHandler$MouseEventNotification.run(GlassViewEventHandler.java:411) ~[javafx-graphics-21-win.jar:?]
	at javafx.graphics/com.sun.javafx.tk.quantum.GlassViewEventHandler$MouseEventNotification.run(GlassViewEventHandler.java:301) ~[javafx-graphics-21-win.jar:?]
	at java.base/java.security.AccessController.doPrivileged(AccessController.java:400) ~[?:?]
	at javafx.graphics/com.sun.javafx.tk.quantum.GlassViewEventHandler.lambda$handleMouseEvent$2(GlassViewEventHandler.java:450) ~[javafx-graphics-21-win.jar:?]
	at javafx.graphics/com.sun.javafx.tk.quantum.QuantumToolkit.runWithoutRenderLock(QuantumToolkit.java:424) ~[javafx-graphics-21-win.jar:?]
	at javafx.graphics/com.sun.javafx.tk.quantum.GlassViewEventHandler.handleMouseEvent(GlassViewEventHandler.java:449) ~[javafx-graphics-21-win.jar:?]
	at javafx.graphics/com.sun.glass.ui.View.handleMouseEvent(View.java:551) ~[javafx-graphics-21-win.jar:?]
	at javafx.graphics/com.sun.glass.ui.View.notifyMouse(View.java:937) ~[javafx-graphics-21-win.jar:?]
	at javafx.graphics/com.sun.glass.ui.win.WinApplication._runLoop(Native Method) ~[javafx-graphics-21-win.jar:?]
	at javafx.graphics/com.sun.glass.ui.win.WinApplication.lambda$runLoop$3(WinApplication.java:185) ~[javafx-graphics-21-win.jar:?]
	at java.base/java.lang.Thread.run(Thread.java:1575) [?:?]
2026-04-24 12:09:19 INFO  Client.Controllers.CatalogController - [CatalogController Status] ERROR: Error opening details: Separator is not a valid type.
/C:/Users/ASSIL/IdeaProjects/ChriOnline/target/classes/UI/productDetails.fxml:69

2026-04-24 12:09:20 INFO  Client.Controllers.CatalogController - [CatalogController] Attempting to open details for: Laptop ProBook 450
2026-04-24 12:09:20 ERROR Client.Controllers.CatalogController - Exception occurred
javafx.fxml.LoadException: Separator is not a valid type.
/C:/Users/ASSIL/IdeaProjects/ChriOnline/target/classes/UI/productDetails.fxml:69

	at javafx.fxml/javafx.fxml.FXMLLoader.constructLoadException(FXMLLoader.java:2718) ~[javafx-fxml-21-win.jar:?]
	at javafx.fxml/javafx.fxml.FXMLLoader.createElement(FXMLLoader.java:2920) ~[javafx-fxml-21-win.jar:?]
	at javafx.fxml/javafx.fxml.FXMLLoader.processStartElement(FXMLLoader.java:2850) ~[javafx-fxml-21-win.jar:?]
	at javafx.fxml/javafx.fxml.FXMLLoader.loadImpl(FXMLLoader.java:2649) ~[javafx-fxml-21-win.jar:?]
	at javafx.fxml/javafx.fxml.FXMLLoader.loadImpl(FXMLLoader.java:2563) ~[javafx-fxml-21-win.jar:?]
	at javafx.fxml/javafx.fxml.FXMLLoader.load(FXMLLoader.java:2531) ~[javafx-fxml-21-win.jar:?]
	at Client.Controllers.CatalogController.openProductDetails(CatalogController.java:387) ~[classes/:?]
	at Client.Controllers.CatalogController.lambda$createProductCard$6(CatalogController.java:225) ~[classes/:?]
	at javafx.base/com.sun.javafx.event.CompositeEventHandler.dispatchBubblingEvent(CompositeEventHandler.java:86) ~[javafx-base-21-win.jar:?]
	at javafx.base/com.sun.javafx.event.EventHandlerManager.dispatchBubblingEvent(EventHandlerManager.java:232) ~[javafx-base-21-win.jar:?]
	at javafx.base/com.sun.javafx.event.EventHandlerManager.dispatchBubblingEvent(EventHandlerManager.java:189) ~[javafx-base-21-win.jar:?]
	at javafx.base/com.sun.javafx.event.CompositeEventDispatcher.dispatchBubblingEvent(CompositeEventDispatcher.java:59) ~[javafx-base-21-win.jar:?]
	at javafx.base/com.sun.javafx.event.BasicEventDispatcher.dispatchEvent(BasicEventDispatcher.java:58) ~[javafx-base-21-win.jar:?]
	at javafx.base/com.sun.javafx.event.EventDispatchChainImpl.dispatchEvent(EventDispatchChainImpl.java:114) ~[javafx-base-21-win.jar:?]
	at javafx.base/com.sun.javafx.event.BasicEventDispatcher.dispatchEvent(BasicEventDispatcher.java:56) ~[javafx-base-21-win.jar:?]
	at javafx.base/com.sun.javafx.event.EventDispatchChainImpl.dispatchEvent(EventDispatchChainImpl.java:114) ~[javafx-base-21-win.jar:?]
	at javafx.base/com.sun.javafx.event.BasicEventDispatcher.dispatchEvent(BasicEventDispatcher.java:56) ~[javafx-base-21-win.jar:?]
	at javafx.base/com.sun.javafx.event.EventDispatchChainImpl.dispatchEvent(EventDispatchChainImpl.java:114) ~[javafx-base-21-win.jar:?]
	at javafx.base/com.sun.javafx.event.BasicEventDispatcher.dispatchEvent(BasicEventDispatcher.java:56) ~[javafx-base-21-win.jar:?]
	at javafx.base/com.sun.javafx.event.EventDispatchChainImpl.dispatchEvent(EventDispatchChainImpl.java:114) ~[javafx-base-21-win.jar:?]
	at javafx.base/com.sun.javafx.event.BasicEventDispatcher.dispatchEvent(BasicEventDispatcher.java:56) ~[javafx-base-21-win.jar:?]
	at javafx.base/com.sun.javafx.event.EventDispatchChainImpl.dispatchEvent(EventDispatchChainImpl.java:114) ~[javafx-base-21-win.jar:?]
	at javafx.base/com.sun.javafx.event.BasicEventDispatcher.dispatchEvent(BasicEventDispatcher.java:56) ~[javafx-base-21-win.jar:?]
	at javafx.base/com.sun.javafx.event.EventDispatchChainImpl.dispatchEvent(EventDispatchChainImpl.java:114) ~[javafx-base-21-win.jar:?]
	at javafx.base/com.sun.javafx.event.EventUtil.fireEventImpl(EventUtil.java:74) ~[javafx-base-21-win.jar:?]
	at javafx.base/com.sun.javafx.event.EventUtil.fireEvent(EventUtil.java:49) ~[javafx-base-21-win.jar:?]
	at javafx.base/javafx.event.Event.fireEvent(Event.java:198) ~[javafx-base-21-win.jar:?]
	at javafx.graphics/javafx.scene.Node.fireEvent(Node.java:8875) ~[javafx-graphics-21-win.jar:?]
	at javafx.controls/javafx.scene.control.Button.fire(Button.java:203) ~[javafx-controls-21-win.jar:?]
	at javafx.controls/com.sun.javafx.scene.control.behavior.ButtonBehavior.mouseReleased(ButtonBehavior.java:207) ~[javafx-controls-21-win.jar:?]
	at javafx.controls/com.sun.javafx.scene.control.inputmap.InputMap.handle(InputMap.java:274) ~[javafx-controls-21-win.jar:?]
	at javafx.base/com.sun.javafx.event.CompositeEventHandler$NormalEventHandlerRecord.handleBubblingEvent(CompositeEventHandler.java:247) ~[javafx-base-21-win.jar:?]
	at javafx.base/com.sun.javafx.event.CompositeEventHandler.dispatchBubblingEvent(CompositeEventHandler.java:80) ~[javafx-base-21-win.jar:?]
	at javafx.base/com.sun.javafx.event.EventHandlerManager.dispatchBubblingEvent(EventHandlerManager.java:232) ~[javafx-base-21-win.jar:?]
	at javafx.base/com.sun.javafx.event.EventHandlerManager.dispatchBubblingEvent(EventHandlerManager.java:189) ~[javafx-base-21-win.jar:?]
	at javafx.base/com.sun.javafx.event.CompositeEventDispatcher.dispatchBubblingEvent(CompositeEventDispatcher.java:59) ~[javafx-base-21-win.jar:?]
	at javafx.base/com.sun.javafx.event.BasicEventDispatcher.dispatchEvent(BasicEventDispatcher.java:58) ~[javafx-base-21-win.jar:?]
	at javafx.base/com.sun.javafx.event.EventDispatchChainImpl.dispatchEvent(EventDispatchChainImpl.java:114) ~[javafx-base-21-win.jar:?]
	at javafx.base/com.sun.javafx.event.BasicEventDispatcher.dispatchEvent(BasicEventDispatcher.java:56) ~[javafx-base-21-win.jar:?]
	at javafx.base/com.sun.javafx.event.EventDispatchChainImpl.dispatchEvent(EventDispatchChainImpl.java:114) ~[javafx-base-21-win.jar:?]
	at javafx.base/com.sun.javafx.event.BasicEventDispatcher.dispatchEvent(BasicEventDispatcher.java:56) ~[javafx-base-21-win.jar:?]
	at javafx.base/com.sun.javafx.event.EventDispatchChainImpl.dispatchEvent(EventDispatchChainImpl.java:114) ~[javafx-base-21-win.jar:?]
	at javafx.base/com.sun.javafx.event.BasicEventDispatcher.dispatchEvent(BasicEventDispatcher.java:56) ~[javafx-base-21-win.jar:?]
	at javafx.base/com.sun.javafx.event.EventDispatchChainImpl.dispatchEvent(EventDispatchChainImpl.java:114) ~[javafx-base-21-win.jar:?]
	at javafx.base/com.sun.javafx.event.BasicEventDispatcher.dispatchEvent(BasicEventDispatcher.java:56) ~[javafx-base-21-win.jar:?]
	at javafx.base/com.sun.javafx.event.EventDispatchChainImpl.dispatchEvent(EventDispatchChainImpl.java:114) ~[javafx-base-21-win.jar:?]
	at javafx.base/com.sun.javafx.event.BasicEventDispatcher.dispatchEvent(BasicEventDispatcher.java:56) ~[javafx-base-21-win.jar:?]
	at javafx.base/com.sun.javafx.event.EventDispatchChainImpl.dispatchEvent(EventDispatchChainImpl.java:114) ~[javafx-base-21-win.jar:?]
	at javafx.base/com.sun.javafx.event.EventUtil.fireEventImpl(EventUtil.java:74) ~[javafx-base-21-win.jar:?]
	at javafx.base/com.sun.javafx.event.EventUtil.fireEvent(EventUtil.java:54) ~[javafx-base-21-win.jar:?]
	at javafx.base/javafx.event.Event.fireEvent(Event.java:198) ~[javafx-base-21-win.jar:?]
	at javafx.graphics/javafx.scene.Scene$MouseHandler.process(Scene.java:3984) ~[javafx-graphics-21-win.jar:?]
	at javafx.graphics/javafx.scene.Scene.processMouseEvent(Scene.java:1890) ~[javafx-graphics-21-win.jar:?]
	at javafx.graphics/javafx.scene.Scene$ScenePeerListener.mouseEvent(Scene.java:2708) ~[javafx-graphics-21-win.jar:?]
	at javafx.graphics/com.sun.javafx.tk.quantum.GlassViewEventHandler$MouseEventNotification.run(GlassViewEventHandler.java:411) ~[javafx-graphics-21-win.jar:?]
	at javafx.graphics/com.sun.javafx.tk.quantum.GlassViewEventHandler$MouseEventNotification.run(GlassViewEventHandler.java:301) ~[javafx-graphics-21-win.jar:?]
	at java.base/java.security.AccessController.doPrivileged(AccessController.java:400) ~[?:?]
	at javafx.graphics/com.sun.javafx.tk.quantum.GlassViewEventHandler.lambda$handleMouseEvent$2(GlassViewEventHandler.java:450) ~[javafx-graphics-21-win.jar:?]
	at javafx.graphics/com.sun.javafx.tk.quantum.QuantumToolkit.runWithoutRenderLock(QuantumToolkit.java:424) ~[javafx-graphics-21-win.jar:?]
	at javafx.graphics/com.sun.javafx.tk.quantum.GlassViewEventHandler.handleMouseEvent(GlassViewEventHandler.java:449) ~[javafx-graphics-21-win.jar:?]
	at javafx.graphics/com.sun.glass.ui.View.handleMouseEvent(View.java:551) ~[javafx-graphics-21-win.jar:?]
	at javafx.graphics/com.sun.glass.ui.View.notifyMouse(View.java:937) ~[javafx-graphics-21-win.jar:?]
	at javafx.graphics/com.sun.glass.ui.win.WinApplication._runLoop(Native Method) ~[javafx-graphics-21-win.jar:?]
	at javafx.graphics/com.sun.glass.ui.win.WinApplication.lambda$runLoop$3(WinApplication.java:185) ~[javafx-graphics-21-win.jar:?]
	at java.base/java.lang.Thread.run(Thread.java:1575) [?:?]
2026-04-24 12:09:20 INFO  Client.Controllers.CatalogController - [CatalogController Status] ERROR: Error opening details: Separator is not a valid type.
/C:/Users/ASSIL/IdeaProjects/ChriOnline/target/classes/UI/productDetails.fxml:69

2026-04-24 12:09:21 INFO  Client.Controllers.CatalogController - [CatalogController] Card clicked for: Laptop ProBook 450
2026-04-24 12:09:21 INFO  Client.Controllers.CatalogController - [CatalogController] Attempting to open details for: Laptop ProBook 450
2026-04-24 12:09:21 ERROR Client.Controllers.CatalogController - Exception occurred
javafx.fxml.LoadException: Separator is not a valid type.
/C:/Users/ASSIL/IdeaProjects/ChriOnline/target/classes/UI/productDetails.fxml:69

	at javafx.fxml/javafx.fxml.FXMLLoader.constructLoadException(FXMLLoader.java:2718) ~[javafx-fxml-21-win.jar:?]
	at javafx.fxml/javafx.fxml.FXMLLoader.createElement(FXMLLoader.java:2920) ~[javafx-fxml-21-win.jar:?]
	at javafx.fxml/javafx.fxml.FXMLLoader.processStartElement(FXMLLoader.java:2850) ~[javafx-fxml-21-win.jar:?]
	at javafx.fxml/javafx.fxml.FXMLLoader.loadImpl(FXMLLoader.java:2649) ~[javafx-fxml-21-win.jar:?]
	at javafx.fxml/javafx.fxml.FXMLLoader.loadImpl(FXMLLoader.java:2563) ~[javafx-fxml-21-win.jar:?]
	at javafx.fxml/javafx.fxml.FXMLLoader.load(FXMLLoader.java:2531) ~[javafx-fxml-21-win.jar:?]
	at Client.Controllers.CatalogController.openProductDetails(CatalogController.java:387) ~[classes/:?]
	at Client.Controllers.CatalogController.lambda$createProductCard$5(CatalogController.java:219) ~[classes/:?]
	at javafx.base/com.sun.javafx.event.CompositeEventHandler.dispatchBubblingEvent(CompositeEventHandler.java:86) ~[javafx-base-21-win.jar:?]
	at javafx.base/com.sun.javafx.event.EventHandlerManager.dispatchBubblingEvent(EventHandlerManager.java:232) ~[javafx-base-21-win.jar:?]
	at javafx.base/com.sun.javafx.event.EventHandlerManager.dispatchBubblingEvent(EventHandlerManager.java:189) ~[javafx-base-21-win.jar:?]
	at javafx.base/com.sun.javafx.event.CompositeEventDispatcher.dispatchBubblingEvent(CompositeEventDispatcher.java:59) ~[javafx-base-21-win.jar:?]
	at javafx.base/com.sun.javafx.event.BasicEventDispatcher.dispatchEvent(BasicEventDispatcher.java:58) ~[javafx-base-21-win.jar:?]
	at javafx.base/com.sun.javafx.event.EventDispatchChainImpl.dispatchEvent(EventDispatchChainImpl.java:114) ~[javafx-base-21-win.jar:?]
	at javafx.base/com.sun.javafx.event.BasicEventDispatcher.dispatchEvent(BasicEventDispatcher.java:56) ~[javafx-base-21-win.jar:?]
	at javafx.base/com.sun.javafx.event.EventDispatchChainImpl.dispatchEvent(EventDispatchChainImpl.java:114) ~[javafx-base-21-win.jar:?]
	at javafx.base/com.sun.javafx.event.BasicEventDispatcher.dispatchEvent(BasicEventDispatcher.java:56) ~[javafx-base-21-win.jar:?]
	at javafx.base/com.sun.javafx.event.EventDispatchChainImpl.dispatchEvent(EventDispatchChainImpl.java:114) ~[javafx-base-21-win.jar:?]
	at javafx.base/com.sun.javafx.event.BasicEventDispatcher.dispatchEvent(BasicEventDispatcher.java:56) ~[javafx-base-21-win.jar:?]
	at javafx.base/com.sun.javafx.event.EventDispatchChainImpl.dispatchEvent(EventDispatchChainImpl.java:114) ~[javafx-base-21-win.jar:?]
	at javafx.base/com.sun.javafx.event.BasicEventDispatcher.dispatchEvent(BasicEventDispatcher.java:56) ~[javafx-base-21-win.jar:?]
	at javafx.base/com.sun.javafx.event.EventDispatchChainImpl.dispatchEvent(EventDispatchChainImpl.java:114) ~[javafx-base-21-win.jar:?]
	at javafx.base/com.sun.javafx.event.EventUtil.fireEventImpl(EventUtil.java:74) ~[javafx-base-21-win.jar:?]
	at javafx.base/com.sun.javafx.event.EventUtil.fireEvent(EventUtil.java:54) ~[javafx-base-21-win.jar:?]
	at javafx.base/javafx.event.Event.fireEvent(Event.java:198) ~[javafx-base-21-win.jar:?]
	at javafx.graphics/javafx.scene.Scene$ClickGenerator.postProcess(Scene.java:3688) ~[javafx-graphics-21-win.jar:?]
	at javafx.graphics/javafx.scene.Scene$MouseHandler.process(Scene.java:3993) ~[javafx-graphics-21-win.jar:?]
	at javafx.graphics/javafx.scene.Scene.processMouseEvent(Scene.java:1890) ~[javafx-graphics-21-win.jar:?]
	at javafx.graphics/javafx.scene.Scene$ScenePeerListener.mouseEvent(Scene.java:2708) ~[javafx-graphics-21-win.jar:?]
	at javafx.graphics/com.sun.javafx.tk.quantum.GlassViewEventHandler$MouseEventNotification.run(GlassViewEventHandler.java:411) ~[javafx-graphics-21-win.jar:?]
	at javafx.graphics/com.sun.javafx.tk.quantum.GlassViewEventHandler$MouseEventNotification.run(GlassViewEventHandler.java:301) ~[javafx-graphics-21-win.jar:?]
	at java.base/java.security.AccessController.doPrivileged(AccessController.java:400) ~[?:?]
	at javafx.graphics/com.sun.javafx.tk.quantum.GlassViewEventHandler.lambda$handleMouseEvent$2(GlassViewEventHandler.java:450) ~[javafx-graphics-21-win.jar:?]
	at javafx.graphics/com.sun.javafx.tk.quantum.QuantumToolkit.runWithoutRenderLock(QuantumToolkit.java:424) ~[javafx-graphics-21-win.jar:?]
	at javafx.graphics/com.sun.javafx.tk.quantum.GlassViewEventHandler.handleMouseEvent(GlassViewEventHandler.java:449) ~[javafx-graphics-21-win.jar:?]
	at javafx.graphics/com.sun.glass.ui.View.handleMouseEvent(View.java:551) ~[javafx-graphics-21-win.jar:?]
	at javafx.graphics/com.sun.glass.ui.View.notifyMouse(View.java:937) ~[javafx-graphics-21-win.jar:?]
	at javafx.graphics/com.sun.glass.ui.win.WinApplication._runLoop(Native Method) ~[javafx-graphics-21-win.jar:?]
	at javafx.graphics/com.sun.glass.ui.win.WinApplication.lambda$runLoop$3(WinApplication.java:185) ~[javafx-graphics-21-win.jar:?]
	at java.base/java.lang.Thread.run(Thread.java:1575) [?:?]
2026-04-24 12:09:21 INFO  Client.Controllers.CatalogController - [CatalogController Status] ERROR: Error opening details: Separator is not a valid type.
/C:/Users/ASSIL/IdeaProjects/ChriOnline/target/classes/UI/productDetails.fxml:69

2026-04-24 12:13:35 INFO  Client.Controllers.CatalogController - [CatalogController] Attempting to open details for: USB-C Hub 7-in-1
2026-04-24 12:13:35 ERROR Client.Controllers.CatalogController - Exception occurred
javafx.fxml.LoadException: Separator is not a valid type.
/C:/Users/ASSIL/IdeaProjects/ChriOnline/target/classes/UI/productDetails.fxml:69

	at javafx.fxml/javafx.fxml.FXMLLoader.constructLoadException(FXMLLoader.java:2718) ~[javafx-fxml-21-win.jar:?]
	at javafx.fxml/javafx.fxml.FXMLLoader.createElement(FXMLLoader.java:2920) ~[javafx-fxml-21-win.jar:?]
	at javafx.fxml/javafx.fxml.FXMLLoader.processStartElement(FXMLLoader.java:2850) ~[javafx-fxml-21-win.jar:?]
	at javafx.fxml/javafx.fxml.FXMLLoader.loadImpl(FXMLLoader.java:2649) ~[javafx-fxml-21-win.jar:?]
	at javafx.fxml/javafx.fxml.FXMLLoader.loadImpl(FXMLLoader.java:2563) ~[javafx-fxml-21-win.jar:?]
	at javafx.fxml/javafx.fxml.FXMLLoader.load(FXMLLoader.java:2531) ~[javafx-fxml-21-win.jar:?]
	at Client.Controllers.CatalogController.openProductDetails(CatalogController.java:387) ~[classes/:?]
	at Client.Controllers.CatalogController.lambda$createProductCard$6(CatalogController.java:225) ~[classes/:?]
	at javafx.base/com.sun.javafx.event.CompositeEventHandler.dispatchBubblingEvent(CompositeEventHandler.java:86) ~[javafx-base-21-win.jar:?]
	at javafx.base/com.sun.javafx.event.EventHandlerManager.dispatchBubblingEvent(EventHandlerManager.java:232) ~[javafx-base-21-win.jar:?]
	at javafx.base/com.sun.javafx.event.EventHandlerManager.dispatchBubblingEvent(EventHandlerManager.java:189) ~[javafx-base-21-win.jar:?]
	at javafx.base/com.sun.javafx.event.CompositeEventDispatcher.dispatchBubblingEvent(CompositeEventDispatcher.java:59) ~[javafx-base-21-win.jar:?]
	at javafx.base/com.sun.javafx.event.BasicEventDispatcher.dispatchEvent(BasicEventDispatcher.java:58) ~[javafx-base-21-win.jar:?]
	at javafx.base/com.sun.javafx.event.EventDispatchChainImpl.dispatchEvent(EventDispatchChainImpl.java:114) ~[javafx-base-21-win.jar:?]
	at javafx.base/com.sun.javafx.event.BasicEventDispatcher.dispatchEvent(BasicEventDispatcher.java:56) ~[javafx-base-21-win.jar:?]
	at javafx.base/com.sun.javafx.event.EventDispatchChainImpl.dispatchEvent(EventDispatchChainImpl.java:114) ~[javafx-base-21-win.jar:?]
	at javafx.base/com.sun.javafx.event.BasicEventDispatcher.dispatchEvent(BasicEventDispatcher.java:56) ~[javafx-base-21-win.jar:?]
	at javafx.base/com.sun.javafx.event.EventDispatchChainImpl.dispatchEvent(EventDispatchChainImpl.java:114) ~[javafx-base-21-win.jar:?]
	at javafx.base/com.sun.javafx.event.BasicEventDispatcher.dispatchEvent(BasicEventDispatcher.java:56) ~[javafx-base-21-win.jar:?]
	at javafx.base/com.sun.javafx.event.EventDispatchChainImpl.dispatchEvent(EventDispatchChainImpl.java:114) ~[javafx-base-21-win.jar:?]
	at javafx.base/com.sun.javafx.event.BasicEventDispatcher.dispatchEvent(BasicEventDispatcher.java:56) ~[javafx-base-21-win.jar:?]
	at javafx.base/com.sun.javafx.event.EventDispatchChainImpl.dispatchEvent(EventDispatchChainImpl.java:114) ~[javafx-base-21-win.jar:?]
	at javafx.base/com.sun.javafx.event.BasicEventDispatcher.dispatchEvent(BasicEventDispatcher.java:56) ~[javafx-base-21-win.jar:?]
	at javafx.base/com.sun.javafx.event.EventDispatchChainImpl.dispatchEvent(EventDispatchChainImpl.java:114) ~[javafx-base-21-win.jar:?]
	at javafx.base/com.sun.javafx.event.EventUtil.fireEventImpl(EventUtil.java:74) ~[javafx-base-21-win.jar:?]
	at javafx.base/com.sun.javafx.event.EventUtil.fireEvent(EventUtil.java:49) ~[javafx-base-21-win.jar:?]
	at javafx.base/javafx.event.Event.fireEvent(Event.java:198) ~[javafx-base-21-win.jar:?]
	at javafx.graphics/javafx.scene.Node.fireEvent(Node.java:8875) ~[javafx-graphics-21-win.jar:?]
	at javafx.controls/javafx.scene.control.Button.fire(Button.java:203) ~[javafx-controls-21-win.jar:?]
	at javafx.controls/com.sun.javafx.scene.control.behavior.ButtonBehavior.mouseReleased(ButtonBehavior.java:207) ~[javafx-controls-21-win.jar:?]
	at javafx.controls/com.sun.javafx.scene.control.inputmap.InputMap.handle(InputMap.java:274) ~[javafx-controls-21-win.jar:?]
	at javafx.base/com.sun.javafx.event.CompositeEventHandler$NormalEventHandlerRecord.handleBubblingEvent(CompositeEventHandler.java:247) ~[javafx-base-21-win.jar:?]
	at javafx.base/com.sun.javafx.event.CompositeEventHandler.dispatchBubblingEvent(CompositeEventHandler.java:80) ~[javafx-base-21-win.jar:?]
	at javafx.base/com.sun.javafx.event.EventHandlerManager.dispatchBubblingEvent(EventHandlerManager.java:232) ~[javafx-base-21-win.jar:?]
	at javafx.base/com.sun.javafx.event.EventHandlerManager.dispatchBubblingEvent(EventHandlerManager.java:189) ~[javafx-base-21-win.jar:?]
	at javafx.base/com.sun.javafx.event.CompositeEventDispatcher.dispatchBubblingEvent(CompositeEventDispatcher.java:59) ~[javafx-base-21-win.jar:?]
	at javafx.base/com.sun.javafx.event.BasicEventDispatcher.dispatchEvent(BasicEventDispatcher.java:58) ~[javafx-base-21-win.jar:?]
	at javafx.base/com.sun.javafx.event.EventDispatchChainImpl.dispatchEvent(EventDispatchChainImpl.java:114) ~[javafx-base-21-win.jar:?]
	at javafx.base/com.sun.javafx.event.BasicEventDispatcher.dispatchEvent(BasicEventDispatcher.java:56) ~[javafx-base-21-win.jar:?]
	at javafx.base/com.sun.javafx.event.EventDispatchChainImpl.dispatchEvent(EventDispatchChainImpl.java:114) ~[javafx-base-21-win.jar:?]
	at javafx.base/com.sun.javafx.event.BasicEventDispatcher.dispatchEvent(BasicEventDispatcher.java:56) ~[javafx-base-21-win.jar:?]
	at javafx.base/com.sun.javafx.event.EventDispatchChainImpl.dispatchEvent(EventDispatchChainImpl.java:114) ~[javafx-base-21-win.jar:?]
	at javafx.base/com.sun.javafx.event.BasicEventDispatcher.dispatchEvent(BasicEventDispatcher.java:56) ~[javafx-base-21-win.jar:?]
	at javafx.base/com.sun.javafx.event.EventDispatchChainImpl.dispatchEvent(EventDispatchChainImpl.java:114) ~[javafx-base-21-win.jar:?]
	at javafx.base/com.sun.javafx.event.BasicEventDispatcher.dispatchEvent(BasicEventDispatcher.java:56) ~[javafx-base-21-win.jar:?]
	at javafx.base/com.sun.javafx.event.EventDispatchChainImpl.dispatchEvent(EventDispatchChainImpl.java:114) ~[javafx-base-21-win.jar:?]
	at javafx.base/com.sun.javafx.event.BasicEventDispatcher.dispatchEvent(BasicEventDispatcher.java:56) ~[javafx-base-21-win.jar:?]
	at javafx.base/com.sun.javafx.event.EventDispatchChainImpl.dispatchEvent(EventDispatchChainImpl.java:114) ~[javafx-base-21-win.jar:?]
	at javafx.base/com.sun.javafx.event.EventUtil.fireEventImpl(EventUtil.java:74) ~[javafx-base-21-win.jar:?]
	at javafx.base/com.sun.javafx.event.EventUtil.fireEvent(EventUtil.java:54) ~[javafx-base-21-win.jar:?]
	at javafx.base/javafx.event.Event.fireEvent(Event.java:198) ~[javafx-base-21-win.jar:?]
	at javafx.graphics/javafx.scene.Scene$MouseHandler.process(Scene.java:3984) ~[javafx-graphics-21-win.jar:?]
	at javafx.graphics/javafx.scene.Scene.processMouseEvent(Scene.java:1890) ~[javafx-graphics-21-win.jar:?]
	at javafx.graphics/javafx.scene.Scene$ScenePeerListener.mouseEvent(Scene.java:2708) ~[javafx-graphics-21-win.jar:?]
	at javafx.graphics/com.sun.javafx.tk.quantum.GlassViewEventHandler$MouseEventNotification.run(GlassViewEventHandler.java:411) ~[javafx-graphics-21-win.jar:?]
	at javafx.graphics/com.sun.javafx.tk.quantum.GlassViewEventHandler$MouseEventNotification.run(GlassViewEventHandler.java:301) ~[javafx-graphics-21-win.jar:?]
	at java.base/java.security.AccessController.doPrivileged(AccessController.java:400) ~[?:?]
	at javafx.graphics/com.sun.javafx.tk.quantum.GlassViewEventHandler.lambda$handleMouseEvent$2(GlassViewEventHandler.java:450) ~[javafx-graphics-21-win.jar:?]
	at javafx.graphics/com.sun.javafx.tk.quantum.QuantumToolkit.runWithoutRenderLock(QuantumToolkit.java:424) ~[javafx-graphics-21-win.jar:?]
	at javafx.graphics/com.sun.javafx.tk.quantum.GlassViewEventHandler.handleMouseEvent(GlassViewEventHandler.java:449) ~[javafx-graphics-21-win.jar:?]
	at javafx.graphics/com.sun.glass.ui.View.handleMouseEvent(View.java:551) ~[javafx-graphics-21-win.jar:?]
	at javafx.graphics/com.sun.glass.ui.View.notifyMouse(View.java:937) ~[javafx-graphics-21-win.jar:?]
	at javafx.graphics/com.sun.glass.ui.win.WinApplication._runLoop(Native Method) ~[javafx-graphics-21-win.jar:?]
	at javafx.graphics/com.sun.glass.ui.win.WinApplication.lambda$runLoop$3(WinApplication.java:185) ~[javafx-graphics-21-win.jar:?]
	at java.base/java.lang.Thread.run(Thread.java:1575) [?:?]
2026-04-24 12:13:35 INFO  Client.Controllers.CatalogController - [CatalogController Status] ERROR: Error opening details: Separator is not a valid type.
/C:/Users/ASSIL/IdeaProjects/ChriOnline/target/classes/UI/productDetails.fxml:69

2026-04-24 12:13:47 INFO  Client.Controllers.CatalogController - [CatalogController Status] INFO: Added! Cart total: 299.0 MAD
2026-04-24 12:13:49 INFO  Client.Controllers.CatalogController - [CatalogController Status] INFO: Added! Cart total: 748.0 MAD
2026-04-24 12:17:14 WARN  Server.SessionManager - [SessionManager] AFK Timeout: Removing idle session for user admin
2026-04-24 12:17:14 INFO  Server.SessionManager - [SessionManager] Session removed — admin (alive 634s)  | Active sessions: 1
2026-04-24 12:17:51 INFO  Main - [Main] Application closing...
2026-04-24 12:17:51 INFO  Server.ClientHandler - [ClientHandler] Client disconnected cleanly: 127.0.0.1:57655
2026-04-24 12:17:51 INFO  Server.SessionManager - [SessionManager] Session removed — assel (alive 644s)  | Active sessions: 0
2026-04-24 12:17:51 INFO  Server.ClientHandler - [ClientHandler] Resources released for: 127.0.0.1:57655
2026-04-24 12:19:10 INFO  Server.Server - [Server] Bound to TCP port 8084
2026-04-24 12:19:10 INFO  Server.Server - [Server] Thread pool ready (20 threads)
2026-04-24 12:19:10 INFO  Server.UDPServer - [UDPBroadcaster] Ready — source port: 62629
2026-04-24 12:19:10 INFO  Server.Server - [Server] All dependencies wired — ready to accept connections.
2026-04-24 12:19:10 INFO  Server.Server - [Server] Listening — waiting for client connections...

2026-04-24 12:19:20 INFO  Main - [Main] Loaded server host from config: localhost
2026-04-24 12:19:20 INFO  Main - [Main] Connected to server localhost:8084
2026-04-24 12:19:20 INFO  Server.Server - [Server] Client connected: 127.0.0.1:65304  | Active sessions: 0
2026-04-24 12:19:20 INFO  Main - [Main] UDP listener started on port 8085
2026-04-24 12:19:21 INFO  Main - [Main] Login screen loaded successfully
2026-04-24 12:19:25 INFO  Server.DAO.ConnectionPool - [ConnectionPool] Initialized — 5 connections ready.
2026-04-24 12:19:25 INFO  Server.SessionManager - [SessionManager] Session added — SessionData{userId=1, username='admin', role='ADMIN', ip='127.0.0.1', udpPort=8085, age=0s}  | Active sessions: 1
2026-04-24 12:19:34 INFO  Server.handlers.AuthHandler - [AuthHandler] LOGOUT — token removed: null
2026-04-24 12:19:58 INFO  Client.Controllers.LoginController - handleLogin called
2026-04-24 12:19:59 INFO  Server.SessionManager - [SessionManager] Session added — SessionData{userId=4, username='assel', role='USER', ip='127.0.0.1', udpPort=8085, age=0s}  | Active sessions: 2
2026-04-24 12:19:59 INFO  Server.handlers.AuthHandler - [AuthHandler] LOGIN success — user: assel | role: USER | clientIP: 127.0.0.1 | udpPort: 8085
2026-04-24 12:20:52 INFO  Client.Controllers.CatalogController - [CatalogController] Card clicked for: Running Sneakers V3
2026-04-24 12:20:52 INFO  Client.Controllers.CatalogController - [CatalogController] Attempting to open details for: Running Sneakers V3
2026-04-24 12:20:52 INFO  Client.Controllers.CatalogController - [CatalogController] Navigation successful.
2026-04-24 12:20:57 INFO  Client.Controllers.CatalogController - [CatalogController] Card clicked for: Smartphone Galaxy X12
2026-04-24 12:20:57 INFO  Client.Controllers.CatalogController - [CatalogController] Attempting to open details for: Smartphone Galaxy X12
2026-04-24 12:20:58 INFO  Client.Controllers.CatalogController - [CatalogController] Navigation successful.
2026-04-24 12:24:42 INFO  Client.Controllers.CatalogController - [CatalogController] Card clicked for: Protein Bar Box x12
2026-04-24 12:24:42 INFO  Client.Controllers.CatalogController - [CatalogController] Attempting to open details for: Protein Bar Box x12
2026-04-24 12:24:43 INFO  Client.Controllers.CatalogController - [CatalogController] Navigation successful.
2026-04-24 12:24:56 INFO  Server.handlers.AuthHandler - [AuthHandler] LOGOUT — token removed: null
2026-04-24 12:25:17 INFO  Main - [Main] Application closing...
2026-04-24 12:25:17 INFO  Server.ClientHandler - [ClientHandler] Client disconnected cleanly: 127.0.0.1:65304
2026-04-24 12:25:17 INFO  Server.ClientHandler - [ClientHandler] Resources released for: 127.0.0.1:65304
2026-05-17 11:26:26 INFO  Server.Server - [Server] Bound to TCP port 8084
2026-05-17 11:26:26 INFO  Server.Server - [Server] Thread pool ready (20 threads)
2026-05-17 11:26:26 INFO  Server.UDPServer - [UDPBroadcaster] Ready — source port: 65362
2026-05-17 11:26:26 INFO  Server.Server - [Server] All dependencies wired — ready to accept connections.
2026-05-17 11:26:26 INFO  Server.Server - [Server] Listening — waiting for client connections...

2026-05-17 11:28:14 INFO  Server.Server - [Server] Bound to TCP port 8084
2026-05-17 11:28:14 INFO  Server.Server - [Server] Thread pool ready (20 threads)
2026-05-17 11:28:14 INFO  Server.UDPServer - [UDPBroadcaster] Ready — source port: 52446
2026-05-17 11:28:14 INFO  Server.Server - [Server] All dependencies wired — ready to accept connections.
2026-05-17 11:28:14 INFO  Server.Server - [Server] Listening — waiting for client connections...

2026-05-17 11:28:26 INFO  Main - [Main] Loaded server host from config: localhost
2026-05-17 11:28:26 INFO  Main - [Main] Connected to server localhost:8084
2026-05-17 11:28:26 INFO  Server.Server - [Server] Client connected: 127.0.0.1:58879  | Active sessions: 0
2026-05-17 11:28:26 INFO  Main - [Main] UDP listener started on port 8085
2026-05-17 11:28:27 INFO  Main - [Main] Login screen loaded successfully
2026-05-17 11:28:34 INFO  Server.ClientHandler - [ClientHandler] Resources released for: 127.0.0.1:58879
2026-05-17 11:28:46 INFO  Client.Controllers.LoginController - handleLogin called
2026-05-17 11:28:50 INFO  Main - [Main] Application closing...
2026-05-17 11:29:44 INFO  Main - [Main] Loaded server host from config: localhost
2026-05-17 11:29:44 INFO  Server.Server - [Server] Client connected: 127.0.0.1:58886  | Active sessions: 0
2026-05-17 11:29:44 INFO  Main - [Main] Connected to server localhost:8084
2026-05-17 11:29:44 INFO  Main - [Main] UDP listener started on port 8085
2026-05-17 11:29:45 INFO  Main - [Main] Login screen loaded successfully
2026-05-17 11:29:51 INFO  Server.ClientHandler - [ClientHandler] Resources released for: 127.0.0.1:58886
2026-05-17 11:30:12 INFO  Client.Controllers.LoginController - handleLogin called
2026-05-17 11:30:16 INFO  Main - [Main] Application closing...
2026-05-17 11:30:25 INFO  Main - [Main] Loaded server host from config: localhost
2026-05-17 11:30:25 INFO  Server.Server - [Server] Client connected: 127.0.0.1:58890  | Active sessions: 0
2026-05-17 11:30:25 INFO  Main - [Main] Connected to server localhost:8084
2026-05-17 11:30:25 INFO  Main - [Main] UDP listener started on port 8085
2026-05-17 11:30:26 INFO  Main - [Main] Login screen loaded successfully
2026-05-17 11:30:30 INFO  Client.Controllers.LoginController - handleLogin called
2026-05-17 11:30:30 INFO  Server.ClientHandler - [ClientHandler] Resources released for: 127.0.0.1:58890
2026-05-17 11:30:32 INFO  Client.Controllers.LoginController - handleLogin called
2026-05-17 11:30:43 INFO  Main - [Main] Application closing...
2026-05-17 11:31:11 INFO  Main - [Main] Loaded server host from config: localhost
2026-05-17 11:31:11 INFO  Server.Server - [Server] Client connected: 127.0.0.1:60689  | Active sessions: 0
2026-05-17 11:31:11 INFO  Main - [Main] Connected to server localhost:8084
2026-05-17 11:31:11 INFO  Main - [Main] UDP listener started on port 8085
2026-05-17 11:31:12 INFO  Main - [Main] Login screen loaded successfully
2026-05-17 11:31:20 INFO  Server.ClientHandler - [ClientHandler] Resources released for: 127.0.0.1:60689
2026-05-17 11:31:22 INFO  Main - [Main] Application closing...
2026-05-17 11:31:34 INFO  Main - [Main] Loaded server host from config: localhost
2026-05-17 11:31:34 INFO  Server.Server - [Server] Client connected: 127.0.0.1:60696  | Active sessions: 0
2026-05-17 11:31:34 INFO  Main - [Main] Connected to server localhost:8084
2026-05-17 11:31:34 INFO  Main - [Main] UDP listener started on port 8085
2026-05-17 11:31:35 INFO  Main - [Main] Login screen loaded successfully
2026-05-17 11:31:40 INFO  Server.ClientHandler - [ClientHandler] Resources released for: 127.0.0.1:60696
2026-05-17 11:31:49 INFO  Main - [Main] Application closing...
2026-05-17 11:32:07 INFO  Server.Server - [Server] Bound to TCP port 8084
2026-05-17 11:32:07 INFO  Server.Server - [Server] Thread pool ready (20 threads)
2026-05-17 11:32:07 INFO  Server.UDPServer - [UDPBroadcaster] Ready — source port: 58470
2026-05-17 11:32:07 INFO  Server.Server - [Server] All dependencies wired — ready to accept connections.
2026-05-17 11:32:07 INFO  Server.Server - [Server] Listening — waiting for client connections...

2026-05-17 11:32:17 INFO  Main - [Main] Loaded server host from config: localhost
2026-05-17 11:32:17 INFO  Main - [Main] Connected to server localhost:8084
2026-05-17 11:32:17 INFO  Server.Server - [Server] Client connected: 127.0.0.1:60702  | Active sessions: 0
2026-05-17 11:32:17 INFO  Main - [Main] UDP listener started on port 8085
2026-05-17 11:32:18 INFO  Main - [Main] Login screen loaded successfully
2026-05-17 11:32:21 INFO  Server.DAO.ConnectionPool - [ConnectionPool] Initialized — 5 connections ready.
2026-05-17 11:32:22 INFO  Server.SessionManager - [SessionManager] Session added — SessionData{userId=1, username='admin', role='ADMIN', ip='127.0.0.1', udpPort=8085, age=0s}  | Active sessions: 1
2026-05-17 11:32:38 INFO  Server.handlers.AuthHandler - [AuthHandler] LOGOUT — token removed: null
2026-05-17 11:32:44 INFO  Client.Controllers.LoginController - handleLogin called
2026-05-17 11:32:44 INFO  Server.SessionManager - [SessionManager] Session added — SessionData{userId=4, username='assel', role='USER', ip='127.0.0.1', udpPort=8085, age=0s}  | Active sessions: 2
2026-05-17 11:32:44 INFO  Server.handlers.AuthHandler - [AuthHandler] LOGIN success — user: assel | role: USER | clientIP: 127.0.0.1 | udpPort: 8085
2026-05-17 11:33:02 INFO  Client.Controllers.CatalogController - [CatalogController] Attempting to open details for: Smartphone Galaxy X12
2026-05-17 11:33:02 INFO  Client.Controllers.CatalogController - [CatalogController] Navigation successful.
2026-05-17 11:33:13 INFO  Server.handlers.AuthHandler - [AuthHandler] LOGOUT — token removed: null
2026-05-17 11:33:14 INFO  Main - [Main] Application closing...
2026-05-17 11:33:14 INFO  Server.ClientHandler - [ClientHandler] Client disconnected cleanly: 127.0.0.1:60702
2026-05-17 11:33:14 INFO  Server.ClientHandler - [ClientHandler] Resources released for: 127.0.0.1:60702
2026-05-17 20:10:06 INFO  Server.Server - [Server] KeyStore loaded: keystore.jks
2026-05-17 20:10:06 INFO  Server.Server - [Server] SSLServerSocket bound to port 8084 (TLS enabled)
2026-05-17 20:10:06 INFO  Server.Server - [Server] RSA KeyPair loaded for secure handshake
2026-05-17 20:10:06 INFO  Server.Server - [Server] Thread pool ready (20 threads)
2026-05-17 20:10:06 INFO  Server.UDPServer - [UDPBroadcaster] Ready â€” source port: 60328
2026-05-17 20:10:06 INFO  Server.Server - [Server] All dependencies wired â€” ready to accept SSL connections.
2026-05-17 20:10:06 INFO  Server.Server - [Server] Listening on SSL port 8084 â€” waiting for client connections...

2026-05-17 20:10:13 INFO  Main - [Main] Loaded server host from config: localhost
2026-05-17 20:10:13 INFO  Server.Server - [Server] SSL client connected: 127.0.0.1:52895  | Active sessions: 0
2026-05-17 20:10:14 INFO  Server.security.SecureHandshake - [SecureHandshake] Sent RSA public key to client
2026-05-17 20:10:14 INFO  Main - [Main] Connected to server localhost:8084
2026-05-17 20:10:14 INFO  Server.security.SecureHandshake - [SecureHandshake] AES session key established successfully (256-bit)
2026-05-17 20:10:14 INFO  Server.ClientHandler - [ClientHandler] AES session established with 127.0.0.1:52895
2026-05-17 20:10:14 INFO  Main - [Main] UDP listener started on port 8085
2026-05-17 20:10:15 INFO  Main - [Main] Login screen loaded successfully
2026-05-17 20:10:20 ERROR Server.ClientHandler - [ClientHandler] Decryption failed: Illegal base64 character 3a
java.lang.IllegalArgumentException: Illegal base64 character 3a
	at java.base/java.util.Base64$Decoder.decode0(Base64.java:852) ~[?:?]
	at java.base/java.util.Base64$Decoder.decode(Base64.java:570) ~[?:?]
	at java.base/java.util.Base64$Decoder.decode(Base64.java:593) ~[?:?]
	at Server.ClientHandler.decryptMessage(ClientHandler.java:187) ~[classes/:?]
	at Server.ClientHandler.run(ClientHandler.java:105) ~[classes/:?]
	at java.base/java.util.concurrent.Executors$RunnableAdapter.call(Executors.java:572) ~[?:?]
	at java.base/java.util.concurrent.FutureTask.run(FutureTask.java:317) ~[?:?]
	at java.base/java.util.concurrent.ThreadPoolExecutor.runWorker(ThreadPoolExecutor.java:1144) ~[?:?]
	at java.base/java.util.concurrent.ThreadPoolExecutor$Worker.run(ThreadPoolExecutor.java:642) ~[?:?]
	at java.base/java.lang.Thread.run(Thread.java:1575) [?:?]
2026-05-17 20:10:20 ERROR Server.ClientHandler - [ClientHandler] Unexpected error from 127.0.0.1:52895: Decryption failed
2026-05-17 20:10:20 ERROR Server.ClientHandler - Exception occurred
java.lang.RuntimeException: Decryption failed
	at Server.ClientHandler.decryptMessage(ClientHandler.java:202) ~[classes/:?]
	at Server.ClientHandler.run(ClientHandler.java:105) ~[classes/:?]
	at java.base/java.util.concurrent.Executors$RunnableAdapter.call(Executors.java:572) ~[?:?]
	at java.base/java.util.concurrent.FutureTask.run(FutureTask.java:317) ~[?:?]
	at java.base/java.util.concurrent.ThreadPoolExecutor.runWorker(ThreadPoolExecutor.java:1144) ~[?:?]
	at java.base/java.util.concurrent.ThreadPoolExecutor$Worker.run(ThreadPoolExecutor.java:642) ~[?:?]
	at java.base/java.lang.Thread.run(Thread.java:1575) [?:?]
Caused by: java.lang.IllegalArgumentException: Illegal base64 character 3a
	at java.base/java.util.Base64$Decoder.decode0(Base64.java:852) ~[?:?]
	at java.base/java.util.Base64$Decoder.decode(Base64.java:570) ~[?:?]
	at java.base/java.util.Base64$Decoder.decode(Base64.java:593) ~[?:?]
	at Server.ClientHandler.decryptMessage(ClientHandler.java:187) ~[classes/:?]
	... 6 more
2026-05-17 20:10:47 INFO  Main - [Main] Application closing...
2026-05-17 20:10:47 INFO  Server.ClientHandler - [ClientHandler] Client disconnected cleanly: 127.0.0.1:52895
2026-05-17 20:10:47 INFO  Server.ClientHandler - [ClientHandler] Resources released for: 127.0.0.1:52895
2026-05-17 20:13:09 INFO  Server.Server - [Server] KeyStore loaded: keystore.jks
2026-05-17 20:13:09 INFO  Server.Server - [Server] SSLServerSocket bound to port 8084 (TLS enabled)
2026-05-17 20:13:09 INFO  Server.Server - [Server] RSA KeyPair loaded for secure handshake
2026-05-17 20:13:09 INFO  Server.Server - [Server] Thread pool ready (20 threads)
2026-05-17 20:13:09 INFO  Server.UDPServer - [UDPBroadcaster] Ready â€” source port: 52978
2026-05-17 20:13:09 INFO  Server.Server - [Server] All dependencies wired â€” ready to accept SSL connections.
2026-05-17 20:13:09 INFO  Server.Server - [Server] Listening on SSL port 8084 â€” waiting for client connections...

2026-05-17 20:14:56 INFO  Main - [Main] Loaded server host from config: localhost
2026-05-17 20:14:57 INFO  Server.Server - [Server] SSL client connected: 127.0.0.1:60837  | Active sessions: 0
2026-05-17 20:14:57 INFO  Server.security.SecureHandshake - [SecureHandshake] Sent RSA public key to client
2026-05-17 20:14:57 INFO  Server.security.SecureHandshake - [SecureHandshake] AES session key established successfully (256-bit)
2026-05-17 20:14:57 INFO  Main - [Main] Connected to server localhost:8084
2026-05-17 20:14:57 INFO  Server.ClientHandler - [ClientHandler] AES session established with 127.0.0.1:60837
2026-05-17 20:14:57 INFO  Main - [Main] UDP listener started on port 8085
2026-05-17 20:14:59 INFO  Main - [Main] Login screen loaded successfully
2026-05-17 20:15:03 INFO  Server.DAO.ConnectionPool - [ConnectionPool] Initialized — 5 connections ready.
2026-05-17 20:15:03 INFO  Server.SessionManager - [SessionManager] Session added â€” SessionData{userId=1, username='admin', role='ADMIN', ip='127.0.0.1', udpPort=8085, age=0s}  | Active sessions: 1
2026-05-17 20:15:11 INFO  Server.handlers.AuthHandler - [AuthHandler] LOGOUT â€” token removed: null
2026-05-17 20:15:17 INFO  Client.Controllers.LoginController - handleLogin called
2026-05-17 20:15:17 INFO  Server.SessionManager - [SessionManager] Session added â€” SessionData{userId=4, username='assel', role='USER', ip='127.0.0.1', udpPort=8085, age=0s}  | Active sessions: 2
2026-05-17 20:16:17 INFO  Main - [Main] Application closing...
2026-05-17 20:24:18 INFO  Server.Server - [Server] KeyStore loaded: keystore.jks
2026-05-17 20:24:18 INFO  Server.Server - [Server] SSLServerSocket bound to port 8084 (TLS enabled)
2026-05-17 20:24:18 INFO  Server.Server - [Server] RSA KeyPair loaded for secure handshake
2026-05-17 20:24:18 INFO  Server.Server - [Server] Thread pool ready (20 threads)
2026-05-17 20:24:18 INFO  Server.UDPServer - [UDPBroadcaster] Ready - source port: 63463
2026-05-17 20:24:18 INFO  Server.Server - [Server] All dependencies wired - ready to accept SSL connections.
2026-05-17 20:24:18 INFO  Server.Server - [Server] Listening on SSL port 8084 - waiting for client connections...

2026-05-17 20:24:35 INFO  Main - [Main] Loaded server host from config: localhost
2026-05-17 20:24:35 INFO  Server.Server - [Server] SSL client connected: 127.0.0.1:62759  | Active sessions: 0
2026-05-17 20:24:36 INFO  Server.security.SecureHandshake - [SecureHandshake] Sent RSA public key to client
2026-05-17 20:24:36 INFO  Server.security.SecureHandshake - [SecureHandshake] AES session key established successfully (256-bit)
2026-05-17 20:24:36 INFO  Main - [Main] Connected to server localhost:8084
2026-05-17 20:24:36 INFO  Server.ClientHandler - [ClientHandler] AES session established with 127.0.0.1:62759
2026-05-17 20:24:36 INFO  Main - [Main] UDP listener started on port 8085
2026-05-17 20:24:37 INFO  Main - [Main] Login screen loaded successfully
2026-05-17 20:25:00 INFO  Server.DAO.ConnectionPool - [ConnectionPool] Initialized - 5 connections ready.
2026-05-17 20:25:22 INFO  Main - [Main] Application closing...
2026-05-17 20:25:32 INFO  Main - [Main] Loaded server host from config: localhost
2026-05-17 20:25:33 INFO  Server.Server - [Server] SSL client connected: 127.0.0.1:59434  | Active sessions: 0
2026-05-17 20:25:33 INFO  Server.security.SecureHandshake - [SecureHandshake] Sent RSA public key to client
2026-05-17 20:25:33 INFO  Server.security.SecureHandshake - [SecureHandshake] AES session key established successfully (256-bit)
2026-05-17 20:25:33 INFO  Server.ClientHandler - [ClientHandler] AES session established with 127.0.0.1:59434
2026-05-17 20:25:33 INFO  Main - [Main] Connected to server localhost:8084
2026-05-17 20:25:33 INFO  Main - [Main] UDP listener started on port 8085
2026-05-17 20:25:34 INFO  Main - [Main] Login screen loaded successfully
2026-05-17 20:26:04 INFO  Main - [Main] Application closing...
2026-05-17 20:26:17 INFO  Server.Server - [Server] KeyStore loaded: keystore.jks
2026-05-17 20:26:17 INFO  Server.Server - [Server] SSLServerSocket bound to port 8084 (TLS enabled)
2026-05-17 20:26:17 INFO  Server.Server - [Server] RSA KeyPair loaded for secure handshake
2026-05-17 20:26:17 INFO  Server.Server - [Server] Thread pool ready (20 threads)
2026-05-17 20:26:17 INFO  Server.UDPServer - [UDPBroadcaster] Ready - source port: 63084
2026-05-17 20:26:17 INFO  Server.Server - [Server] All dependencies wired - ready to accept SSL connections.
2026-05-17 20:26:17 INFO  Server.Server - [Server] Listening on SSL port 8084 - waiting for client connections...

2026-05-17 20:26:25 INFO  Main - [Main] Loaded server host from config: localhost
2026-05-17 20:26:25 INFO  Server.Server - [Server] SSL client connected: 127.0.0.1:59444  | Active sessions: 0
2026-05-17 20:26:26 INFO  Server.security.SecureHandshake - [SecureHandshake] Sent RSA public key to client
2026-05-17 20:26:26 INFO  Server.security.SecureHandshake - [SecureHandshake] AES session key established successfully (256-bit)
2026-05-17 20:26:26 INFO  Main - [Main] Connected to server localhost:8084
2026-05-17 20:26:26 INFO  Server.ClientHandler - [ClientHandler] AES session established with 127.0.0.1:59444
2026-05-17 20:26:26 INFO  Main - [Main] UDP listener started on port 8085
2026-05-17 20:26:27 INFO  Main - [Main] Login screen loaded successfully
2026-05-17 20:26:30 INFO  Server.DAO.ConnectionPool - [ConnectionPool] Initialized - 5 connections ready.
2026-05-17 20:27:06 INFO  Main - [Main] Application closing...
2026-05-17 20:27:43 INFO  Main - [Main] Loaded server host from config: localhost
2026-05-17 20:27:43 INFO  Server.Server - [Server] SSL client connected: 127.0.0.1:53972  | Active sessions: 0
2026-05-17 20:27:43 INFO  Server.security.SecureHandshake - [SecureHandshake] Sent RSA public key to client
2026-05-17 20:27:43 INFO  Server.security.SecureHandshake - [SecureHandshake] AES session key established successfully (256-bit)
2026-05-17 20:27:43 INFO  Server.ClientHandler - [ClientHandler] AES session established with 127.0.0.1:53972
2026-05-17 20:27:43 INFO  Main - [Main] Connected to server localhost:8084
2026-05-17 20:27:43 INFO  Main - [Main] UDP listener started on port 8085
2026-05-17 20:27:44 INFO  Main - [Main] Login screen loaded successfully
2026-05-17 20:27:51 INFO  Client.Controllers.LoginController - handleLogin called
2026-05-17 20:28:40 INFO  Client.Controllers.LoginController - handleLogin called
2026-05-17 20:29:27 INFO  Main - [Main] Application closing...
2026-05-17 20:29:36 INFO  Server.Server - [Server] KeyStore loaded: keystore.jks
2026-05-17 20:29:36 INFO  Server.Server - [Server] SSLServerSocket bound to port 8084 (TLS enabled)
2026-05-17 20:29:36 INFO  Server.Server - [Server] RSA KeyPair loaded for secure handshake
2026-05-17 20:29:36 INFO  Server.Server - [Server] Thread pool ready (20 threads)
2026-05-17 20:29:36 INFO  Server.UDPServer - [UDPBroadcaster] Ready - source port: 58120
2026-05-17 20:29:36 INFO  Server.Server - [Server] All dependencies wired - ready to accept SSL connections.
2026-05-17 20:29:36 INFO  Server.Server - [Server] Listening on SSL port 8084 - waiting for client connections...

2026-05-17 20:29:44 INFO  Main - [Main] Loaded server host from config: localhost
2026-05-17 20:29:44 INFO  Server.Server - [Server] SSL client connected: 127.0.0.1:57936  | Active sessions: 0
2026-05-17 20:29:45 INFO  Server.security.SecureHandshake - [SecureHandshake] Sent RSA public key to client
2026-05-17 20:29:45 INFO  Server.security.SecureHandshake - [SecureHandshake] AES session key established successfully (256-bit)
2026-05-17 20:29:45 INFO  Server.ClientHandler - [ClientHandler] AES session established with 127.0.0.1:57936
2026-05-17 20:29:45 INFO  Main - [Main] Connected to server localhost:8084
2026-05-17 20:29:45 INFO  Main - [Main] UDP listener started on port 8085
2026-05-17 20:29:46 INFO  Main - [Main] Login screen loaded successfully
2026-05-17 20:29:49 INFO  Server.DAO.ConnectionPool - [ConnectionPool] Initialized - 5 connections ready.
2026-05-17 20:30:05 INFO  Client.Controllers.LoginController - handleLogin called
2026-05-17 20:30:20 INFO  Client.Controllers.LoginController - handleLogin called
2026-05-17 20:30:22 INFO  Main - [Main] Application closing...
2026-05-17 20:30:47 INFO  Main - [Main] Loaded server host from config: localhost
2026-05-17 20:30:48 INFO  Server.Server - [Server] SSL client connected: 127.0.0.1:55685  | Active sessions: 0
2026-05-17 20:30:48 INFO  Server.security.SecureHandshake - [SecureHandshake] Sent RSA public key to client
2026-05-17 20:30:48 INFO  Server.security.SecureHandshake - [SecureHandshake] AES session key established successfully (256-bit)
2026-05-17 20:30:48 INFO  Server.ClientHandler - [ClientHandler] AES session established with 127.0.0.1:55685
2026-05-17 20:30:48 INFO  Main - [Main] Connected to server localhost:8084
2026-05-17 20:30:48 INFO  Main - [Main] UDP listener started on port 8085
2026-05-17 20:30:49 INFO  Main - [Main] Login screen loaded successfully
2026-05-17 20:30:55 INFO  Client.Controllers.LoginController - handleLogin called
2026-05-17 20:31:15 ERROR Server.handlers.AuthHandler - [AuthHandler] LOGIN error: findByUsernameForAuth failed: Communications link failure

The last packet successfully received from the server was 20,870 milliseconds ago. The last packet sent successfully to the server was 20,871 milliseconds ago.
2026-05-17 20:31:15 ERROR Server.ClientHandler - [ClientHandler] Unexpected error from 127.0.0.1:57936: findByUsernameForAuth failed: Communications link failure

The last packet successfully received from the server was 85,977 milliseconds ago. The last packet sent successfully to the server was 85,977 milliseconds ago.
2026-05-17 20:31:15 ERROR Server.ClientHandler - Exception occurred
Server.DAO.UserDAO$DAOException: findByUsernameForAuth failed: Communications link failure

The last packet successfully received from the server was 85,977 milliseconds ago. The last packet sent successfully to the server was 85,977 milliseconds ago.
	at Server.DAO.UserDAO.findByUsernameForAuth(UserDAO.java:272) ~[classes/:?]
	at Server.service.UserService.findAuthUserByUsername(UserService.java:97) ~[classes/:?]
	at Server.handlers.AuthHandler.handleAdminChallenge(AuthHandler.java:81) ~[classes/:?]
	at Server.handlers.AuthHandler.handle(AuthHandler.java:66) ~[classes/:?]
	at Server.ClientHandler.dispatchCommand(ClientHandler.java:247) ~[classes/:?]
	at Server.ClientHandler.dispatch(ClientHandler.java:210) ~[classes/:?]
	at Server.ClientHandler.run(ClientHandler.java:114) ~[classes/:?]
	at java.base/java.util.concurrent.Executors$RunnableAdapter.call(Executors.java:572) ~[?:?]
	at java.base/java.util.concurrent.FutureTask.run(FutureTask.java:317) ~[?:?]
	at java.base/java.util.concurrent.ThreadPoolExecutor.runWorker(ThreadPoolExecutor.java:1144) ~[?:?]
	at java.base/java.util.concurrent.ThreadPoolExecutor$Worker.run(ThreadPoolExecutor.java:642) ~[?:?]
	at java.base/java.lang.Thread.run(Thread.java:1575) [?:?]
Caused by: com.mysql.cj.jdbc.exceptions.CommunicationsException: Communications link failure

The last packet successfully received from the server was 85,977 milliseconds ago. The last packet sent successfully to the server was 85,977 milliseconds ago.
	at com.mysql.cj.jdbc.exceptions.SQLError.createCommunicationsException(SQLError.java:174) ~[mysql-connector-j-8.3.0.jar:8.3.0]
	at com.mysql.cj.jdbc.exceptions.SQLExceptionsMapping.translateException(SQLExceptionsMapping.java:64) ~[mysql-connector-j-8.3.0.jar:8.3.0]
	at com.mysql.cj.jdbc.ClientPreparedStatement.executeInternal(ClientPreparedStatement.java:912) ~[mysql-connector-j-8.3.0.jar:8.3.0]
	at com.mysql.cj.jdbc.ClientPreparedStatement.executeQuery(ClientPreparedStatement.java:968) ~[mysql-connector-j-8.3.0.jar:8.3.0]
	at Server.DAO.UserDAO.findByUsernameForAuth(UserDAO.java:254) ~[classes/:?]
	... 11 more
Caused by: com.mysql.cj.exceptions.CJCommunicationsException: Communications link failure

The last packet successfully received from the server was 85,977 milliseconds ago. The last packet sent successfully to the server was 85,977 milliseconds ago.
	at java.base/jdk.internal.reflect.DirectConstructorHandleAccessor.newInstance(DirectConstructorHandleAccessor.java:62) ~[?:?]
	at java.base/java.lang.reflect.Constructor.newInstanceWithCaller(Constructor.java:501) ~[?:?]
	at java.base/java.lang.reflect.Constructor.newInstance(Constructor.java:485) ~[?:?]
	at com.mysql.cj.exceptions.ExceptionFactory.createException(ExceptionFactory.java:61) ~[mysql-connector-j-8.3.0.jar:8.3.0]
	at com.mysql.cj.exceptions.ExceptionFactory.createException(ExceptionFactory.java:104) ~[mysql-connector-j-8.3.0.jar:8.3.0]
	at com.mysql.cj.exceptions.ExceptionFactory.createException(ExceptionFactory.java:149) ~[mysql-connector-j-8.3.0.jar:8.3.0]
	at com.mysql.cj.exceptions.ExceptionFactory.createCommunicationsException(ExceptionFactory.java:165) ~[mysql-connector-j-8.3.0.jar:8.3.0]
	at com.mysql.cj.protocol.a.NativeProtocol.readMessage(NativeProtocol.java:582) ~[mysql-connector-j-8.3.0.jar:8.3.0]
	at com.mysql.cj.protocol.a.NativeProtocol.checkErrorMessage(NativeProtocol.java:762) ~[mysql-connector-j-8.3.0.jar:8.3.0]
	at com.mysql.cj.protocol.a.NativeProtocol.sendCommand(NativeProtocol.java:701) ~[mysql-connector-j-8.3.0.jar:8.3.0]
	at com.mysql.cj.protocol.a.NativeProtocol.sendQueryPacket(NativeProtocol.java:1050) ~[mysql-connector-j-8.3.0.jar:8.3.0]
	at com.mysql.cj.NativeSession.execSQL(NativeSession.java:660) ~[mysql-connector-j-8.3.0.jar:8.3.0]
	at com.mysql.cj.jdbc.ClientPreparedStatement.executeInternal(ClientPreparedStatement.java:889) ~[mysql-connector-j-8.3.0.jar:8.3.0]
	at com.mysql.cj.jdbc.ClientPreparedStatement.executeQuery(ClientPreparedStatement.java:968) ~[mysql-connector-j-8.3.0.jar:8.3.0]
	at Server.DAO.UserDAO.findByUsernameForAuth(UserDAO.java:254) ~[classes/:?]
	... 11 more
Caused by: java.net.SocketException: Connection reset
	at java.base/sun.nio.ch.NioSocketImpl.implRead(NioSocketImpl.java:318) ~[?:?]
	at java.base/sun.nio.ch.NioSocketImpl.read(NioSocketImpl.java:346) ~[?:?]
	at java.base/sun.nio.ch.NioSocketImpl$1.read(NioSocketImpl.java:796) ~[?:?]
	at java.base/java.net.Socket$SocketInputStream.implRead(Socket.java:1116) ~[?:?]
	at java.base/java.net.Socket$SocketInputStream.read(Socket.java:1103) ~[?:?]
	at com.mysql.cj.protocol.ReadAheadInputStream.fill(ReadAheadInputStream.java:107) ~[mysql-connector-j-8.3.0.jar:8.3.0]
	at com.mysql.cj.protocol.ReadAheadInputStream.readFromUnderlyingStreamIfNecessary(ReadAheadInputStream.java:150) ~[mysql-connector-j-8.3.0.jar:8.3.0]
	at com.mysql.cj.protocol.ReadAheadInputStream.read(ReadAheadInputStream.java:180) ~[mysql-connector-j-8.3.0.jar:8.3.0]
	at java.base/java.io.FilterInputStream.read(FilterInputStream.java:119) ~[?:?]
	at com.mysql.cj.protocol.FullReadInputStream.readFully(FullReadInputStream.java:64) ~[mysql-connector-j-8.3.0.jar:8.3.0]
	at com.mysql.cj.protocol.a.SimplePacketReader.readHeaderLocal(SimplePacketReader.java:81) ~[mysql-connector-j-8.3.0.jar:8.3.0]
	at com.mysql.cj.protocol.a.SimplePacketReader.readHeader(SimplePacketReader.java:63) ~[mysql-connector-j-8.3.0.jar:8.3.0]
	at com.mysql.cj.protocol.a.SimplePacketReader.readHeader(SimplePacketReader.java:45) ~[mysql-connector-j-8.3.0.jar:8.3.0]
	at com.mysql.cj.protocol.a.TimeTrackingPacketReader.readHeader(TimeTrackingPacketReader.java:52) ~[mysql-connector-j-8.3.0.jar:8.3.0]
	at com.mysql.cj.protocol.a.TimeTrackingPacketReader.readHeader(TimeTrackingPacketReader.java:41) ~[mysql-connector-j-8.3.0.jar:8.3.0]
	at com.mysql.cj.protocol.a.MultiPacketReader.readHeader(MultiPacketReader.java:54) ~[mysql-connector-j-8.3.0.jar:8.3.0]
	at com.mysql.cj.protocol.a.MultiPacketReader.readHeader(MultiPacketReader.java:44) ~[mysql-connector-j-8.3.0.jar:8.3.0]
	at com.mysql.cj.protocol.a.NativeProtocol.readMessage(NativeProtocol.java:576) ~[mysql-connector-j-8.3.0.jar:8.3.0]
	at com.mysql.cj.protocol.a.NativeProtocol.checkErrorMessage(NativeProtocol.java:762) ~[mysql-connector-j-8.3.0.jar:8.3.0]
	at com.mysql.cj.protocol.a.NativeProtocol.sendCommand(NativeProtocol.java:701) ~[mysql-connector-j-8.3.0.jar:8.3.0]
	at com.mysql.cj.protocol.a.NativeProtocol.sendQueryPacket(NativeProtocol.java:1050) ~[mysql-connector-j-8.3.0.jar:8.3.0]
	at com.mysql.cj.NativeSession.execSQL(NativeSession.java:660) ~[mysql-connector-j-8.3.0.jar:8.3.0]
	at com.mysql.cj.jdbc.ClientPreparedStatement.executeInternal(ClientPreparedStatement.java:889) ~[mysql-connector-j-8.3.0.jar:8.3.0]
	at com.mysql.cj.jdbc.ClientPreparedStatement.executeQuery(ClientPreparedStatement.java:968) ~[mysql-connector-j-8.3.0.jar:8.3.0]
	at Server.DAO.UserDAO.findByUsernameForAuth(UserDAO.java:254) ~[classes/:?]
	... 11 more
2026-05-17 20:31:16 INFO  Server.ClientHandler - [ClientHandler] Client disconnected abruptly: 127.0.0.1:57936 — An established connection was aborted by the software in your host machine
2026-05-17 20:31:16 INFO  Server.ClientHandler - [ClientHandler] Resources released for: 127.0.0.1:57936
2026-05-17 20:33:06 INFO  Server.Server - [Server] KeyStore loaded: keystore.jks
2026-05-17 20:33:06 INFO  Server.Server - [Server] SSLServerSocket bound to port 8084 (TLS enabled)
2026-05-17 20:33:06 INFO  Server.Server - [Server] RSA KeyPair loaded for secure handshake
2026-05-17 20:33:06 INFO  Server.Server - [Server] Thread pool ready (20 threads)
2026-05-17 20:33:06 INFO  Server.UDPServer - [UDPBroadcaster] Ready - source port: 56490
2026-05-17 20:33:06 INFO  Server.Server - [Server] All dependencies wired - ready to accept SSL connections.
2026-05-17 20:33:06 INFO  Server.Server - [Server] Listening on SSL port 8084 - waiting for client connections...

2026-05-17 20:33:15 INFO  Main - [Main] Loaded server host from config: localhost
2026-05-17 20:33:15 INFO  Server.Server - [Server] SSL client connected: 127.0.0.1:64969  | Active sessions: 0
2026-05-17 20:33:15 INFO  Server.security.SecureHandshake - [SecureHandshake] Sent RSA public key to client
2026-05-17 20:33:15 INFO  Server.security.SecureHandshake - [SecureHandshake] AES session key established successfully (256-bit)
2026-05-17 20:33:15 INFO  Main - [Main] Connected to server localhost:8084
2026-05-17 20:33:15 INFO  Server.ClientHandler - [ClientHandler] AES session established with 127.0.0.1:64969
2026-05-17 20:33:15 ERROR Main - [Main] Cannot bind UDP port 8085: Address already in use: bind
2026-05-17 20:33:19 INFO  Server.ClientHandler - [ClientHandler] Client disconnected abruptly: 127.0.0.1:64969 — Connection reset
2026-05-17 20:33:19 INFO  Server.ClientHandler - [ClientHandler] Resources released for: 127.0.0.1:64969
2026-05-17 20:33:20 INFO  Main - [Main] Application closing...
2026-05-17 20:33:34 INFO  Main - [Main] Loaded server host from config: localhost
2026-05-17 20:33:34 INFO  Server.Server - [Server] SSL client connected: 127.0.0.1:64090  | Active sessions: 0
2026-05-17 20:33:34 INFO  Server.security.SecureHandshake - [SecureHandshake] Sent RSA public key to client
2026-05-17 20:33:34 INFO  Server.security.SecureHandshake - [SecureHandshake] AES session key established successfully (256-bit)
2026-05-17 20:33:34 INFO  Server.ClientHandler - [ClientHandler] AES session established with 127.0.0.1:64090
2026-05-17 20:33:34 INFO  Main - [Main] Connected to server localhost:8084
2026-05-17 20:33:34 INFO  Main - [Main] UDP listener started on port 8085
2026-05-17 20:33:37 INFO  Main - [Main] Login screen loaded successfully
2026-05-17 20:34:04 WARN  Server.ClientHandler - [ClientHandler] Dropped incomplete connection from 127.0.0.1:64090 (10s handshake timeout)
2026-05-17 20:34:08 INFO  Server.ClientHandler - [ClientHandler] Resources released for: 127.0.0.1:64090
2026-05-17 20:34:14 INFO  Main - [Main] Application closing...
2026-05-17 20:34:32 INFO  Server.Server - [Server] KeyStore loaded: keystore.jks
2026-05-17 20:34:32 INFO  Server.Server - [Server] SSLServerSocket bound to port 8084 (TLS enabled)
2026-05-17 20:34:32 INFO  Server.Server - [Server] RSA KeyPair loaded for secure handshake
2026-05-17 20:34:32 INFO  Server.Server - [Server] Thread pool ready (20 threads)
2026-05-17 20:34:32 INFO  Server.UDPServer - [UDPBroadcaster] Ready - source port: 54799
2026-05-17 20:34:32 INFO  Server.Server - [Server] All dependencies wired - ready to accept SSL connections.
2026-05-17 20:34:32 INFO  Server.Server - [Server] Listening on SSL port 8084 - waiting for client connections...

2026-05-17 20:34:41 INFO  Main - [Main] Loaded server host from config: localhost
2026-05-17 20:34:41 INFO  Server.Server - [Server] SSL client connected: 127.0.0.1:57616  | Active sessions: 0
2026-05-17 20:34:41 INFO  Server.security.SecureHandshake - [SecureHandshake] Sent RSA public key to client
2026-05-17 20:34:42 INFO  Server.security.SecureHandshake - [SecureHandshake] AES session key established successfully (256-bit)
2026-05-17 20:34:42 INFO  Main - [Main] Connected to server localhost:8084
2026-05-17 20:34:42 INFO  Server.ClientHandler - [ClientHandler] AES session established with 127.0.0.1:57616
2026-05-17 20:34:42 INFO  Main - [Main] UDP listener started on port 8085
2026-05-17 20:34:42 INFO  Main - [Main] Login screen loaded successfully
2026-05-17 20:34:52 INFO  Client.Controllers.LoginController - handleLogin called
2026-05-17 20:34:52 INFO  Server.DAO.ConnectionPool - [ConnectionPool] Initialized - 5 connections ready.
2026-05-17 20:34:53 WARN  Server.security.AuthSecurityManager - [AuthSecurity] Failed login attempt from IP: 127.0.0.1 (1/3 phase 0)
2026-05-17 20:35:05 INFO  Server.SessionManager - [SessionManager] Session added - SessionData{userId=1, username='admin', role='ADMIN', ip='127.0.0.1', udpPort=8085, age=0s}  | Active sessions: 1
2026-05-17 20:35:08 INFO  Server.handlers.AuthHandler - [AuthHandler] LOGOUT - token removed: null
2026-05-17 20:35:17 INFO  Client.Controllers.LoginController - handleLogin called
2026-05-17 20:35:18 WARN  Server.security.AuthSecurityManager - [AuthSecurity] Failed login attempt from IP: 127.0.0.1 (2/3 phase 0)
2026-05-17 20:35:38 INFO  Client.Controllers.LoginController - handleLogin called
2026-05-17 20:35:38 WARN  Server.security.AuthSecurityManager - [AuthSecurity] Failed login attempt from IP: 127.0.0.1 (3/3 phase 0)
2026-05-17 20:35:38 WARN  Server.security.AuthSecurityManager - [AuthSecurity] IP BLOCKED for 10 minutes: 127.0.0.1
2026-05-17 20:35:41 INFO  Client.Controllers.LoginController - handleLogin called
2026-05-17 20:35:41 WARN  Server.handlers.AuthHandler - [AuthHandler] Blocked IP attempted login: 127.0.0.1 (Blocked for 9m 56s)
2026-05-17 20:35:53 INFO  Client.Controllers.LoginController - handleLogin called
2026-05-17 20:35:53 WARN  Server.handlers.AuthHandler - [AuthHandler] Blocked IP attempted login: 127.0.0.1 (Blocked for 9m 44s)
2026-05-17 20:35:56 INFO  Main - [Main] Application closing...
2026-05-17 20:35:56 INFO  Server.ClientHandler - [ClientHandler] Client disconnected cleanly: 127.0.0.1:57616
2026-05-17 20:35:56 INFO  Server.ClientHandler - [ClientHandler] Resources released for: 127.0.0.1:57616
2026-05-17 20:36:46 INFO  Server.Server - [Server] KeyStore loaded: keystore.jks
2026-05-17 20:36:46 INFO  Server.Server - [Server] SSLServerSocket bound to port 8084 (TLS enabled)
2026-05-17 20:36:46 INFO  Server.Server - [Server] RSA KeyPair loaded for secure handshake
2026-05-17 20:36:46 INFO  Server.Server - [Server] Thread pool ready (20 threads)
2026-05-17 20:36:46 INFO  Server.UDPServer - [UDPBroadcaster] Ready - source port: 61593
2026-05-17 20:36:47 INFO  Server.Server - [Server] All dependencies wired - ready to accept SSL connections.
2026-05-17 20:36:47 INFO  Server.Server - [Server] Listening on SSL port 8084 - waiting for client connections...

2026-05-17 20:36:56 INFO  Main - [Main] Loaded server host from config: localhost
2026-05-17 20:36:56 INFO  Server.Server - [Server] SSL client connected: 127.0.0.1:55118  | Active sessions: 0
2026-05-17 20:36:56 INFO  Server.security.SecureHandshake - [SecureHandshake] Sent RSA public key to client
2026-05-17 20:36:56 INFO  Server.security.SecureHandshake - [SecureHandshake] AES session key established successfully (256-bit)
2026-05-17 20:36:56 INFO  Server.ClientHandler - [ClientHandler] AES session established with 127.0.0.1:55118
2026-05-17 20:36:56 INFO  Main - [Main] Connected to server localhost:8084
2026-05-17 20:36:56 INFO  Main - [Main] UDP listener started on port 8085
2026-05-17 20:36:57 INFO  Main - [Main] Login screen loaded successfully
2026-05-17 20:37:01 INFO  Client.Controllers.LoginController - handleLogin called
2026-05-17 20:37:01 INFO  Server.DAO.ConnectionPool - [ConnectionPool] Initialized - 5 connections ready.
2026-05-17 20:37:02 WARN  Server.security.AuthSecurityManager - [AuthSecurity] Failed login attempt from IP: 127.0.0.1 (1/3 phase 0)
2026-05-17 20:37:06 INFO  Client.Controllers.LoginController - handleLogin called
2026-05-17 20:37:06 INFO  Server.security.AuthSecurityManager - [AuthSecurity] Successful login from IP: 127.0.0.1 - Rate limits reset.
2026-05-17 20:37:06 INFO  Server.SessionManager - [SessionManager] Session added - SessionData{userId=4, username='assel', role='USER', ip='127.0.0.1', udpPort=8085, age=0s}  | Active sessions: 1
2026-05-17 20:37:06 INFO  Server.handlers.AuthHandler - [AuthHandler] LOGIN success - user: assel | role: USER | clientIP: 127.0.0.1 | udpPort: 8085
2026-05-17 20:37:26 INFO  Client.Controllers.CatalogController - [CatalogController] Card clicked for: Smartphone Galaxy X12
2026-05-17 20:37:26 INFO  Client.Controllers.CatalogController - [CatalogController] Attempting to open details for: Smartphone Galaxy X12
2026-05-17 20:37:26 INFO  Client.Controllers.CatalogController - [CatalogController] Navigation successful.
2026-05-17 20:42:22 INFO  Client.Controllers.CatalogController - [CatalogController Status] INFO: Added! Cart total: 898.0 MAD
2026-05-17 20:42:36 INFO  Client.Controllers.CatalogController - [CatalogController Status] INFO: Added! Cart total: 1898.0 MAD
2026-05-17 20:43:06 INFO  Server.handlers.AuthHandler - [AuthHandler] LOGOUT - token removed: null
2026-05-17 20:43:07 INFO  Main - [Main] Application closing...
2026-05-17 20:43:07 INFO  Server.ClientHandler - [ClientHandler] Client disconnected cleanly: 127.0.0.1:55118
2026-05-17 20:43:07 INFO  Server.ClientHandler - [ClientHandler] Resources released for: 127.0.0.1:55118
